Название кампании;Тип кампании;Минус-фразы на кампанию;Валюта;Доп. объявление группы;Тип объявления;ID группы;Название группы;Номер группы;ID фразы;Фраза (с минус-словами);ID объявления;Заголовок 1;Заголовок 2;Заголовок 3;Заголовок 4;Заголовок 5;Заголовок 6;Заголовок 7;Текст 1;Текст 2;Текст 3;Ссылка;Отображаемая ссылка;Регион;Ставка;Заголовки быстрых ссылок;Описания быстрых ссылок;Адреса быстрых ссылок;Уточнения;Минус-фразы на группу;Метки
П4_Поиск_Трудовой;Единая перфоманс-кампания;заказать такси, вызвать такси, заказать яндекс такси, яндекс такси заказать, такси до аэропорта, такси недорого, дешёвое такси, дешевое такси, яндекс го, яндекс еда, яндекс лавка, яндекс маркет, доставка еды, курьер, курьером, пеший курьер, вакансия, вакансии, вакансия водитель, вакансия в яндексе, работа в яндексе, работа в офисе яндекс, hh, хедхантер, авито работа, суперджоб, работа диспетчером, диспетчер такси, оператор такси, менеджер таксопарка, скачать, скачать яндекс про, приложение яндекс про, установить яндекс про, apk, взлом, мод, бесплатно скачать, аренда авто под такси, аренда машины под такси, снять авто под такси, работа без авто, водитель без авто, авто под ключ такси, лизинг авто такси, каршеринг, uber, убер, ситимобил, gett, грузовое такси, газель, грузчики, переезд, автошкола, обучение на права, сдать на права, лишение прав, штраф гибдд, гибдд, франшиза такси, франшиза таксопарка, открыть таксопарк, без гражданства, иностранный водитель, работа такси для иностранцев, студентам, школьник, торрент;RUB;-;Комбинаторное;;П4 Трудовой ядро;1;;"""трудовой договор яндекс такси""";;Работа в Яндекс Такси без СМЗ и ИП;Трудовой договор с парком Армада;Налоги платит парк, 3 тарифа;Без самозанятости и без ИП;2-НДФЛ по запросу для такси;Удалённое оформление по России;Лимит НПД — оформите трудовой;Налоги платит парк. Тарифы 3%+300₽, 5%+100₽ или 6%;Оформление через поддержку парка. Удалённо, РФ;2-НДФЛ по запросу. Заявка в чат, без авторегистрации;https://park-armada.ru/trudovoj-dogovor/?utm_source=yandex&utm_medium=cpc&utm_campaign=p4_trudovoj&utm_content={ad_id}&utm_term={keyword};trudovoj-dogovor;Россия;70;Тарифы 3/5/6%||FAQ трудового||Справка 2-НДФЛ||Лицензия ФГИС;Три схемы с парком||Частые вопросы по ТК||Статья про 2-НДФЛ||Реестр такси 3500₽;https://park-armada.ru/trudovoj-dogovor/?utm_source=yandex&utm_medium=cpc&utm_campaign=sitelink_labor_tariffs&utm_content={ad_id}&utm_term={keyword}#labor-tariffs||https://park-armada.ru/trudovoj-dogovor/?utm_source=yandex&utm_medium=cpc&utm_campaign=sitelink_labor_faq&utm_content={ad_id}&utm_term={keyword}#faq||https://park-armada.ru/blog/spravka-2ndfl-voditel-taxi/?utm_source=yandex&utm_medium=cpc&utm_campaign=sitelink_2ndfl&utm_content={ad_id}&utm_term={keyword}||https://park-armada.ru/license/?utm_source=yandex&utm_medium=cpc&utm_campaign=sitelink_license&utm_content={ad_id}&utm_term={keyword};Без самозанятости и ИП||Налоги платит парк||2-НДФЛ по запросу||Удалённо по России;курьер, доставка, пеший, мотокурьер, заказать такси, вызвать такси, аренда авто, без авто, авторегистрация, квиз;p4_trudovoj
П4_Поиск_Трудовой;Единая перфоманс-кампания;заказать такси, вызвать такси, заказать яндекс такси, яндекс такси заказать, такси до аэропорта, такси недорого, дешёвое такси, дешевое такси, яндекс го, яндекс еда, яндекс лавка, яндекс маркет, доставка еды, курьер, курьером, пеший курьер, вакансия, вакансии, вакансия водитель, вакансия в яндексе, работа в яндексе, работа в офисе яндекс, hh, хедхантер, авито работа, суперджоб, работа диспетчером, диспетчер такси, оператор такси, менеджер таксопарка, скачать, скачать яндекс про, приложение яндекс про, установить яндекс про, apk, взлом, мод, бесплатно скачать, аренда авто под такси, аренда машины под такси, снять авто под такси, работа без авто, водитель без авто, авто под ключ такси, лизинг авто такси, каршеринг, uber, убер, ситимобил, gett, грузовое такси, газель, грузчики, переезд, автошкола, обучение на права, сдать на права, лишение прав, штраф гибдд, гибдд, франшиза такси, франшиза таксопарка, открыть таксопарк, без гражданства, иностранный водитель, работа такси для иностранцев, студентам, школьник, торрент;RUB;-;Комбинаторное;;П4 Трудовой ядро;1;;"""трудовой договор такси""";;;;;;;;;;;;;;Россия;70;;;;;курьер, доставка, пеший, мотокурьер, заказать такси, вызвать такси, аренда авто, без авто, авторегистрация, квиз;p4_trudovoj
П4_Поиск_Трудовой;Единая перфоманс-кампания;заказать такси, вызвать такси, заказать яндекс такси, яндекс такси заказать, такси до аэропорта, такси недорого, дешёвое такси, дешевое такси, яндекс го, яндекс еда, яндекс лавка, яндекс маркет, доставка еды, курьер, курьером, пеший курьер, вакансия, вакансии, вакансия водитель, вакансия в яндексе, работа в яндексе, работа в офисе яндекс, hh, хедхантер, авито работа, суперджоб, работа диспетчером, диспетчер такси, оператор такси, менеджер таксопарка, скачать, скачать яндекс про, приложение яндекс про, установить яндекс про, apk, взлом, мод, бесплатно скачать, аренда авто под такси, аренда машины под такси, снять авто под такси, работа без авто, водитель без авто, авто под ключ такси, лизинг авто такси, каршеринг, uber, убер, ситимобил, gett, грузовое такси, газель, грузчики, переезд, автошкола, обучение на права, сдать на права, лишение прав, штраф гибдд, гибдд, франшиза такси, франшиза таксопарка, открыть таксопарк, без гражданства, иностранный водитель, работа такси для иностранцев, студентам, школьник, торрент;RUB;-;Комбинаторное;;П4 Трудовой ядро;1;;"""работа в такси по трудовому договору""";;;;;;;;;;;;;;Россия;70;;;;;курьер, доставка, пеший, мотокурьер, заказать такси, вызвать такси, аренда авто, без авто, авторегистрация, квиз;p4_trudovoj
П4_Поиск_Трудовой;Единая перфоманс-кампания;заказать такси, вызвать такси, заказать яндекс такси, яндекс такси заказать, такси до аэропорта, такси недорого, дешёвое такси, дешевое такси, яндекс го, яндекс еда, яндекс лавка, яндекс маркет, доставка еды, курьер, курьером, пеший курьер, вакансия, вакансии, вакансия водитель, вакансия в яндексе, работа в яндексе, работа в офисе яндекс, hh, хедхантер, авито работа, суперджоб, работа диспетчером, диспетчер такси, оператор такси, менеджер таксопарка, скачать, скачать яндекс про, приложение яндекс про, установить яндекс про, apk, взлом, мод, бесплатно скачать, аренда авто под такси, аренда машины под такси, снять авто под такси, работа без авто, водитель без авто, авто под ключ такси, лизинг авто такси, каршеринг, uber, убер, ситимобил, gett, грузовое такси, газель, грузчики, переезд, автошкола, обучение на права, сдать на права, лишение прав, штраф гибдд, гибдд, франшиза такси, франшиза таксопарка, открыть таксопарк, без гражданства, иностранный водитель, работа такси для иностранцев, студентам, школьник, торрент;RUB;-;Комбинаторное;;П4 Трудовой ядро;1;;"""подключение к яндекс такси трудовой договор""";;;;;;;;;;;;;;Россия;70;;;;;курьер, доставка, пеший, мотокурьер, заказать такси, вызвать такси, аренда авто, без авто, авторегистрация, квиз;p4_trudovoj
П4_Поиск_Трудовой;Единая перфоманс-кампания;заказать такси, вызвать такси, заказать яндекс такси, яндекс такси заказать, такси до аэропорта, такси недорого, дешёвое такси, дешевое такси, яндекс го, яндекс еда, яндекс лавка, яндекс маркет, доставка еды, курьер, курьером, пеший курьер, вакансия, вакансии, вакансия водитель, вакансия в яндексе, работа в яндексе, работа в офисе яндекс, hh, хедхантер, авито работа, суперджоб, работа диспетчером, диспетчер такси, оператор такси, менеджер таксопарка, скачать, скачать яндекс про, приложение яндекс про, установить яндекс про, apk, взлом, мод, бесплатно скачать, аренда авто под такси, аренда машины под такси, снять авто под такси, работа без авто, водитель без авто, авто под ключ такси, лизинг авто такси, каршеринг, uber, убер, ситимобил, gett, грузовое такси, газель, грузчики, переезд, автошкола, обучение на права, сдать на права, лишение прав, штраф гибдд, гибдд, франшиза такси, франшиза таксопарка, открыть таксопарк, без гражданства, иностранный водитель, работа такси для иностранцев, студентам, школьник, торрент;RUB;-;Комбинаторное;;П4 Трудовой ядро;1;;"""яндекс такси трудовой договор""";;;;;;;;;;;;;;Россия;70;;;;;курьер, доставка, пеший, мотокурьер, заказать такси, вызвать такси, аренда авто, без авто, авторегистрация, квиз;p4_trudovoj
П4_Поиск_Трудовой;Единая перфоманс-кампания;заказать такси, вызвать такси, заказать яндекс такси, яндекс такси заказать, такси до аэропорта, такси недорого, дешёвое такси, дешевое такси, яндекс го, яндекс еда, яндекс лавка, яндекс маркет, доставка еды, курьер, курьером, пеший курьер, вакансия, вакансии, вакансия водитель, вакансия в яндексе, работа в яндексе, работа в офисе яндекс, hh, хедхантер, авито работа, суперджоб, работа диспетчером, диспетчер такси, оператор такси, менеджер таксопарка, скачать, скачать яндекс про, приложение яндекс про, установить яндекс про, apk, взлом, мод, бесплатно скачать, аренда авто под такси, аренда машины под такси, снять авто под такси, работа без авто, водитель без авто, авто под ключ такси, лизинг авто такси, каршеринг, uber, убер, ситимобил, gett, грузовое такси, газель, грузчики, переезд, автошкола, обучение на права, сдать на права, лишение прав, штраф гибдд, гибдд, франшиза такси, франшиза таксопарка, открыть таксопарк, без гражданства, иностранный водитель, работа такси для иностранцев, студентам, школьник, торрент;RUB;-;Комбинаторное;;П4 Трудовой ядро;1;;"""такси трудовой договор""";;;;;;;;;;;;;;Россия;70;;;;;курьер, доставка, пеший, мотокурьер, заказать такси, вызвать такси, аренда авто, без авто, авторегистрация, квиз;p4_trudovoj
П4_Поиск_Трудовой;Единая перфоманс-кампания;заказать такси, вызвать такси, заказать яндекс такси, яндекс такси заказать, такси до аэропорта, такси недорого, дешёвое такси, дешевое такси, яндекс го, яндекс еда, яндекс лавка, яндекс маркет, доставка еды, курьер, курьером, пеший курьер, вакансия, вакансии, вакансия водитель, вакансия в яндексе, работа в яндексе, работа в офисе яндекс, hh, хедхантер, авито работа, суперджоб, работа диспетчером, диспетчер такси, оператор такси, менеджер таксопарка, скачать, скачать яндекс про, приложение яндекс про, установить яндекс про, apk, взлом, мод, бесплатно скачать, аренда авто под такси, аренда машины под такси, снять авто под такси, работа без авто, водитель без авто, авто под ключ такси, лизинг авто такси, каршеринг, uber, убер, ситимобил, gett, грузовое такси, газель, грузчики, переезд, автошкола, обучение на права, сдать на права, лишение прав, штраф гибдд, гибдд, франшиза такси, франшиза таксопарка, открыть таксопарк, без гражданства, иностранный водитель, работа такси для иностранцев, студентам, школьник, торрент;RUB;-;Комбинаторное;;П4 Трудовой ядро;1;;"""официальное трудоустройство такси""";;;;;;;;;;;;;;Россия;70;;;;;курьер, доставка, пеший, мотокурьер, заказать такси, вызвать такси, аренда авто, без авто, авторегистрация, квиз;p4_trudovoj
П4_Поиск_Трудовой;Единая перфоманс-кампания;заказать такси, вызвать такси, заказать яндекс такси, яндекс такси заказать, такси до аэропорта, такси недорого, дешёвое такси, дешевое такси, яндекс го, яндекс еда, яндекс лавка, яндекс маркет, доставка еды, курьер, курьером, пеший курьер, вакансия, вакансии, вакансия водитель, вакансия в яндексе, работа в яндексе, работа в офисе яндекс, hh, хедхантер, авито работа, суперджоб, работа диспетчером, диспетчер такси, оператор такси, менеджер таксопарка, скачать, скачать яндекс про, приложение яндекс про, установить яндекс про, apk, взлом, мод, бесплатно скачать, аренда авто под такси, аренда машины под такси, снять авто под такси, работа без авто, водитель без авто, авто под ключ такси, лизинг авто такси, каршеринг, uber, убер, ситимобил, gett, грузовое такси, газель, грузчики, переезд, автошкола, обучение на права, сдать на права, лишение прав, штраф гибдд, гибдд, франшиза такси, франшиза таксопарка, открыть таксопарк, без гражданства, иностранный водитель, работа такси для иностранцев, студентам, школьник, торрент;RUB;-;Комбинаторное;;П4 Трудовой ядро;1;;"""работа такси с трудоустройством""";;;;;;;;;;;;;;Россия;70;;;;;курьер, доставка, пеший, мотокурьер, заказать такси, вызвать такси, аренда авто, без авто, авторегистрация, квиз;p4_trudovoj
П4_Поиск_Трудовой;Единая перфоманс-кампания;заказать такси, вызвать такси, заказать яндекс такси, яндекс такси заказать, такси до аэропорта, такси недорого, дешёвое такси, дешевое такси, яндекс го, яндекс еда, яндекс лавка, яндекс маркет, доставка еды, курьер, курьером, пеший курьер, вакансия, вакансии, вакансия водитель, вакансия в яндексе, работа в яндексе, работа в офисе яндекс, hh, хедхантер, авито работа, суперджоб, работа диспетчером, диспетчер такси, оператор такси, менеджер таксопарка, скачать, скачать яндекс про, приложение яндекс про, установить яндекс про, apk, взлом, мод, бесплатно скачать, аренда авто под такси, аренда машины под такси, снять авто под такси, работа без авто, водитель без авто, авто под ключ такси, лизинг авто такси, каршеринг, uber, убер, ситимобил, gett, грузовое такси, газель, грузчики, переезд, автошкола, обучение на права, сдать на права, лишение прав, штраф гибдд, гибдд, франшиза такси, франшиза таксопарка, открыть таксопарк, без гражданства, иностранный водитель, работа такси для иностранцев, студентам, школьник, торрент;RUB;-;Комбинаторное;;П4 Трудовой ядро;1;;"""яндекс такси оформление по тк""";;;;;;;;;;;;;;Россия;70;;;;;курьер, доставка, пеший, мотокурьер, заказать такси, вызвать такси, аренда авто, без авто, авторегистрация, квиз;p4_trudovoj
П4_Поиск_Трудовой;Единая перфоманс-кампания;заказать такси, вызвать такси, заказать яндекс такси, яндекс такси заказать, такси до аэропорта, такси недорого, дешёвое такси, дешевое такси, яндекс го, яндекс еда, яндекс лавка, яндекс маркет, доставка еды, курьер, курьером, пеший курьер, вакансия, вакансии, вакансия водитель, вакансия в яндексе, работа в яндексе, работа в офисе яндекс, hh, хедхантер, авито работа, суперджоб, работа диспетчером, диспетчер такси, оператор такси, менеджер таксопарка, скачать, скачать яндекс про, приложение яндекс про, установить яндекс про, apk, взлом, мод, бесплатно скачать, аренда авто под такси, аренда машины под такси, снять авто под такси, работа без авто, водитель без авто, авто под ключ такси, лизинг авто такси, каршеринг, uber, убер, ситимобил, gett, грузовое такси, газель, грузчики, переезд, автошкола, обучение на права, сдать на права, лишение прав, штраф гибдд, гибдд, франшиза такси, франшиза таксопарка, открыть таксопарк, без гражданства, иностранный водитель, работа такси для иностранцев, студентам, школьник, торрент;RUB;-;Комбинаторное;;П4 Трудовой ядро;1;;"""яндекс такси по трудовому договору""";;;;;;;;;;;;;;Россия;70;;;;;курьер, доставка, пеший, мотокурьер, заказать такси, вызвать такси, аренда авто, без авто, авторегистрация, квиз;p4_trudovoj
П4_Поиск_Трудовой;Единая перфоманс-кампания;заказать такси, вызвать такси, заказать яндекс такси, яндекс такси заказать, такси до аэропорта, такси недорого, дешёвое такси, дешевое такси, яндекс го, яндекс еда, яндекс лавка, яндекс маркет, доставка еды, курьер, курьером, пеший курьер, вакансия, вакансии, вакансия водитель, вакансия в яндексе, работа в яндексе, работа в офисе яндекс, hh, хедхантер, авито работа, суперджоб, работа диспетчером, диспетчер такси, оператор такси, менеджер таксопарка, скачать, скачать яндекс про, приложение яндекс про, установить яндекс про, apk, взлом, мод, бесплатно скачать, аренда авто под такси, аренда машины под такси, снять авто под такси, работа без авто, водитель без авто, авто под ключ такси, лизинг авто такси, каршеринг, uber, убер, ситимобил, gett, грузовое такси, газель, грузчики, переезд, автошкола, обучение на права, сдать на права, лишение прав, штраф гибдд, гибдд, франшиза такси, франшиза таксопарка, открыть таксопарк, без гражданства, иностранный водитель, работа такси для иностранцев, студентам, школьник, торрент;RUB;-;Комбинаторное;;П4 Трудовой ядро;1;;"""трудовой договор водитель такси""";;;;;;;;;;;;;;Россия;70;;;;;курьер, доставка, пеший, мотокурьер, заказать такси, вызвать такси, аренда авто, без авто, авторегистрация, квиз;p4_trudovoj
П4_Поиск_Трудовой;Единая перфоманс-кампания;заказать такси, вызвать такси, заказать яндекс такси, яндекс такси заказать, такси до аэропорта, такси недорого, дешёвое такси, дешевое такси, яндекс го, яндекс еда, яндекс лавка, яндекс маркет, доставка еды, курьер, курьером, пеший курьер, вакансия, вакансии, вакансия водитель, вакансия в яндексе, работа в яндексе, работа в офисе яндекс, hh, хедхантер, авито работа, суперджоб, работа диспетчером, диспетчер такси, оператор такси, менеджер таксопарка, скачать, скачать яндекс про, приложение яндекс про, установить яндекс про, apk, взлом, мод, бесплатно скачать, аренда авто под такси, аренда машины под такси, снять авто под такси, работа без авто, водитель без авто, авто под ключ такси, лизинг авто такси, каршеринг, uber, убер, ситимобил, gett, грузовое такси, газель, грузчики, переезд, автошкола, обучение на права, сдать на права, лишение прав, штраф гибдд, гибдд, франшиза такси, франшиза таксопарка, открыть таксопарк, без гражданства, иностранный водитель, работа такси для иностранцев, студентам, школьник, торрент;RUB;-;Комбинаторное;;П4 Трудовой ядро;1;;"""оформить трудовой договор такси""";;;;;;;;;;;;;;Россия;70;;;;;курьер, доставка, пеший, мотокурьер, заказать такси, вызвать такси, аренда авто, без авто, авторегистрация, квиз;p4_trudovoj
П4_Поиск_Трудовой;Единая перфоманс-кампания;заказать такси, вызвать такси, заказать яндекс такси, яндекс такси заказать, такси до аэропорта, такси недорого, дешёвое такси, дешевое такси, яндекс го, яндекс еда, яндекс лавка, яндекс маркет, доставка еды, курьер, курьером, пеший курьер, вакансия, вакансии, вакансия водитель, вакансия в яндексе, работа в яндексе, работа в офисе яндекс, hh, хедхантер, авито работа, суперджоб, работа диспетчером, диспетчер такси, оператор такси, менеджер таксопарка, скачать, скачать яндекс про, приложение яндекс про, установить яндекс про, apk, взлом, мод, бесплатно скачать, аренда авто под такси, аренда машины под такси, снять авто под такси, работа без авто, водитель без авто, авто под ключ такси, лизинг авто такси, каршеринг, uber, убер, ситимобил, gett, грузовое такси, газель, грузчики, переезд, автошкола, обучение на права, сдать на права, лишение прав, штраф гибдд, гибдд, франшиза такси, франшиза таксопарка, открыть таксопарк, без гражданства, иностранный водитель, работа такси для иностранцев, студентам, школьник, торрент;RUB;-;Комбинаторное;;П4 Трудовой ядро;1;;"""таксопарк трудовой договор""";;;;;;;;;;;;;;Россия;70;;;;;курьер, доставка, пеший, мотокурьер, заказать такси, вызвать такси, аренда авто, без авто, авторегистрация, квиз;p4_trudovoj
П4_Поиск_Трудовой;Единая перфоманс-кампания;заказать такси, вызвать такси, заказать яндекс такси, яндекс такси заказать, такси до аэропорта, такси недорого, дешёвое такси, дешевое такси, яндекс го, яндекс еда, яндекс лавка, яндекс маркет, доставка еды, курьер, курьером, пеший курьер, вакансия, вакансии, вакансия водитель, вакансия в яндексе, работа в яндексе, работа в офисе яндекс, hh, хедхантер, авито работа, суперджоб, работа диспетчером, диспетчер такси, оператор такси, менеджер таксопарка, скачать, скачать яндекс про, приложение яндекс про, установить яндекс про, apk, взлом, мод, бесплатно скачать, аренда авто под такси, аренда машины под такси, снять авто под такси, работа без авто, водитель без авто, авто под ключ такси, лизинг авто такси, каршеринг, uber, убер, ситимобил, gett, грузовое такси, газель, грузчики, переезд, автошкола, обучение на права, сдать на права, лишение прав, штраф гибдд, гибдд, франшиза такси, франшиза таксопарка, открыть таксопарк, без гражданства, иностранный водитель, работа такси для иностранцев, студентам, школьник, торрент;RUB;-;Комбинаторное;;П4 Без СМЗ и ИП;2;;"""работа в такси без самозанятости""";;Работа в Яндекс Такси без СМЗ и ИП;Трудовой договор с парком Армада;Налоги платит парк, 3 тарифа;Без самозанятости и без ИП;2-НДФЛ по запросу для такси;Удалённое оформление по России;Лимит НПД — оформите трудовой;Налоги платит парк. Тарифы 3%+300₽, 5%+100₽ или 6%;Оформление через поддержку парка. Удалённо, РФ;2-НДФЛ по запросу. Заявка в чат, без авторегистрации;https://park-armada.ru/trudovoj-dogovor/?utm_source=yandex&utm_medium=cpc&utm_campaign=p4_trudovoj&utm_content={ad_id}&utm_term={keyword};trudovoj-dogovor;Россия;70;Тарифы 3/5/6%||FAQ трудового||Справка 2-НДФЛ||Лицензия ФГИС;Три схемы с парком||Частые вопросы по ТК||Статья про 2-НДФЛ||Реестр такси 3500₽;https://park-armada.ru/trudovoj-dogovor/?utm_source=yandex&utm_medium=cpc&utm_campaign=sitelink_labor_tariffs&utm_content={ad_id}&utm_term={keyword}#labor-tariffs||https://park-armada.ru/trudovoj-dogovor/?utm_source=yandex&utm_medium=cpc&utm_campaign=sitelink_labor_faq&utm_content={ad_id}&utm_term={keyword}#faq||https://park-armada.ru/blog/spravka-2ndfl-voditel-taxi/?utm_source=yandex&utm_medium=cpc&utm_campaign=sitelink_2ndfl&utm_content={ad_id}&utm_term={keyword}||https://park-armada.ru/license/?utm_source=yandex&utm_medium=cpc&utm_campaign=sitelink_license&utm_content={ad_id}&utm_term={keyword};Без самозанятости и ИП||Налоги платит парк||2-НДФЛ по запросу||Удалённо по России;курьер, доставка, пеший, мотокурьер, заказать такси, вызвать такси, аренда авто, без авто, авторегистрация, квиз;p4_trudovoj
П4_Поиск_Трудовой;Единая перфоманс-кампания;заказать такси, вызвать такси, заказать яндекс такси, яндекс такси заказать, такси до аэропорта, такси недорого, дешёвое такси, дешевое такси, яндекс го, яндекс еда, яндекс лавка, яндекс маркет, доставка еды, курьер, курьером, пеший курьер, вакансия, вакансии, вакансия водитель, вакансия в яндексе, работа в яндексе, работа в офисе яндекс, hh, хедхантер, авито работа, суперджоб, работа диспетчером, диспетчер такси, оператор такси, менеджер таксопарка, скачать, скачать яндекс про, приложение яндекс про, установить яндекс про, apk, взлом, мод, бесплатно скачать, аренда авто под такси, аренда машины под такси, снять авто под такси, работа без авто, водитель без авто, авто под ключ такси, лизинг авто такси, каршеринг, uber, убер, ситимобил, gett, грузовое такси, газель, грузчики, переезд, автошкола, обучение на права, сдать на права, лишение прав, штраф гибдд, гибдд, франшиза такси, франшиза таксопарка, открыть таксопарк, без гражданства, иностранный водитель, работа такси для иностранцев, студентам, школьник, торрент;RUB;-;Комбинаторное;;П4 Без СМЗ и ИП;2;;"""яндекс такси без самозанятости""";;;;;;;;;;;;;;Россия;70;;;;;курьер, доставка, пеший, мотокурьер, заказать такси, вызвать такси, аренда авто, без авто, авторегистрация, квиз;p4_trudovoj
П4_Поиск_Трудовой;Единая перфоманс-кампания;заказать такси, вызвать такси, заказать яндекс такси, яндекс такси заказать, такси до аэропорта, такси недорого, дешёвое такси, дешевое такси, яндекс го, яндекс еда, яндекс лавка, яндекс маркет, доставка еды, курьер, курьером, пеший курьер, вакансия, вакансии, вакансия водитель, вакансия в яндексе, работа в яндексе, работа в офисе яндекс, hh, хедхантер, авито работа, суперджоб, работа диспетчером, диспетчер такси, оператор такси, менеджер таксопарка, скачать, скачать яндекс про, приложение яндекс про, установить яндекс про, apk, взлом, мод, бесплатно скачать, аренда авто под такси, аренда машины под такси, снять авто под такси, работа без авто, водитель без авто, авто под ключ такси, лизинг авто такси, каршеринг, uber, убер, ситимобил, gett, грузовое такси, газель, грузчики, переезд, автошкола, обучение на права, сдать на права, лишение прав, штраф гибдд, гибдд, франшиза такси, франшиза таксопарка, открыть таксопарк, без гражданства, иностранный водитель, работа такси для иностранцев, студентам, школьник, торрент;RUB;-;Комбинаторное;;П4 Без СМЗ и ИП;2;;"""работа в яндекс такси без ип""";;;;;;;;;;;;;;Россия;70;;;;;курьер, доставка, пеший, мотокурьер, заказать такси, вызвать такси, аренда авто, без авто, авторегистрация, квиз;p4_trudovoj
П4_Поиск_Трудовой;Единая перфоманс-кампания;заказать такси, вызвать такси, заказать яндекс такси, яндекс такси заказать, такси до аэропорта, такси недорого, дешёвое такси, дешевое такси, яндекс го, яндекс еда, яндекс лавка, яндекс маркет, доставка еды, курьер, курьером, пеший курьер, вакансия, вакансии, вакансия водитель, вакансия в яндексе, работа в яндексе, работа в офисе яндекс, hh, хедхантер, авито работа, суперджоб, работа диспетчером, диспетчер такси, оператор такси, менеджер таксопарка, скачать, скачать яндекс про, приложение яндекс про, установить яндекс про, apk, взлом, мод, бесплатно скачать, аренда авто под такси, аренда машины под такси, снять авто под такси, работа без авто, водитель без авто, авто под ключ такси, лизинг авто такси, каршеринг, uber, убер, ситимобил, gett, грузовое такси, газель, грузчики, переезд, автошкола, обучение на права, сдать на права, лишение прав, штраф гибдд, гибдд, франшиза такси, франшиза таксопарка, открыть таксопарк, без гражданства, иностранный водитель, работа такси для иностранцев, студентам, школьник, торрент;RUB;-;Комбинаторное;;П4 Без СМЗ и ИП;2;;"""такси без самозанятости и ип""";;;;;;;;;;;;;;Россия;70;;;;;курьер, доставка, пеший, мотокурьер, заказать такси, вызвать такси, аренда авто, без авто, авторегистрация, квиз;p4_trudovoj
П4_Поиск_Трудовой;Единая перфоманс-кампания;заказать такси, вызвать такси, заказать яндекс такси, яндекс такси заказать, такси до аэропорта, такси недорого, дешёвое такси, дешевое такси, яндекс го, яндекс еда, яндекс лавка, яндекс маркет, доставка еды, курьер, курьером, пеший курьер, вакансия, вакансии, вакансия водитель, вакансия в яндексе, работа в яндексе, работа в офисе яндекс, hh, хедхантер, авито работа, суперджоб, работа диспетчером, диспетчер такси, оператор такси, менеджер таксопарка, скачать, скачать яндекс про, приложение яндекс про, установить яндекс про, apk, взлом, мод, бесплатно скачать, аренда авто под такси, аренда машины под такси, снять авто под такси, работа без авто, водитель без авто, авто под ключ такси, лизинг авто такси, каршеринг, uber, убер, ситимобил, gett, грузовое такси, газель, грузчики, переезд, автошкола, обучение на права, сдать на права, лишение прав, штраф гибдд, гибдд, франшиза такси, франшиза таксопарка, открыть таксопарк, без гражданства, иностранный водитель, работа такси для иностранцев, студентам, школьник, торрент;RUB;-;Комбинаторное;;П4 Без СМЗ и ИП;2;;"""подключение к яндекс такси без самозанятости""";;;;;;;;;;;;;;Россия;70;;;;;курьер, доставка, пеший, мотокурьер, заказать такси, вызвать такси, аренда авто, без авто, авторегистрация, квиз;p4_trudovoj
П4_Поиск_Трудовой;Единая перфоманс-кампания;заказать такси, вызвать такси, заказать яндекс такси, яндекс такси заказать, такси до аэропорта, такси недорого, дешёвое такси, дешевое такси, яндекс го, яндекс еда, яндекс лавка, яндекс маркет, доставка еды, курьер, курьером, пеший курьер, вакансия, вакансии, вакансия водитель, вакансия в яндексе, работа в яндексе, работа в офисе яндекс, hh, хедхантер, авито работа, суперджоб, работа диспетчером, диспетчер такси, оператор такси, менеджер таксопарка, скачать, скачать яндекс про, приложение яндекс про, установить яндекс про, apk, взлом, мод, бесплатно скачать, аренда авто под такси, аренда машины под такси, снять авто под такси, работа без авто, водитель без авто, авто под ключ такси, лизинг авто такси, каршеринг, uber, убер, ситимобил, gett, грузовое такси, газель, грузчики, переезд, автошкола, обучение на права, сдать на права, лишение прав, штраф гибдд, гибдд, франшиза такси, франшиза таксопарка, открыть таксопарк, без гражданства, иностранный водитель, работа такси для иностранцев, студентам, школьник, торрент;RUB;-;Комбинаторное;;П4 Без СМЗ и ИП;2;;"""водитель такси без смз""";;;;;;;;;;;;;;Россия;70;;;;;курьер, доставка, пеший, мотокурьер, заказать такси, вызвать такси, аренда авто, без авто, авторегистрация, квиз;p4_trudovoj
П4_Поиск_Трудовой;Единая перфоманс-кампания;заказать такси, вызвать такси, заказать яндекс такси, яндекс такси заказать, такси до аэропорта, такси недорого, дешёвое такси, дешевое такси, яндекс го, яндекс еда, яндекс лавка, яндекс маркет, доставка еды, курьер, курьером, пеший курьер, вакансия, вакансии, вакансия водитель, вакансия в яндексе, работа в яндексе, работа в офисе яндекс, hh, хедхантер, авито работа, суперджоб, работа диспетчером, диспетчер такси, оператор такси, менеджер таксопарка, скачать, скачать яндекс про, приложение яндекс про, установить яндекс про, apk, взлом, мод, бесплатно скачать, аренда авто под такси, аренда машины под такси, снять авто под такси, работа без авто, водитель без авто, авто под ключ такси, лизинг авто такси, каршеринг, uber, убер, ситимобил, gett, грузовое такси, газель, грузчики, переезд, автошкола, обучение на права, сдать на права, лишение прав, штраф гибдд, гибдд, франшиза такси, франшиза таксопарка, открыть таксопарк, без гражданства, иностранный водитель, работа такси для иностранцев, студентам, школьник, торрент;RUB;-;Комбинаторное;;П4 Без СМЗ и ИП;2;;"""яндекс такси без смз""";;;;;;;;;;;;;;Россия;70;;;;;курьер, доставка, пеший, мотокурьер, заказать такси, вызвать такси, аренда авто, без авто, авторегистрация, квиз;p4_trudovoj
П4_Поиск_Трудовой;Единая перфоманс-кампания;заказать такси, вызвать такси, заказать яндекс такси, яндекс такси заказать, такси до аэропорта, такси недорого, дешёвое такси, дешевое такси, яндекс го, яндекс еда, яндекс лавка, яндекс маркет, доставка еды, курьер, курьером, пеший курьер, вакансия, вакансии, вакансия водитель, вакансия в яндексе, работа в яндексе, работа в офисе яндекс, hh, хедхантер, авито работа, суперджоб, работа диспетчером, диспетчер такси, оператор такси, менеджер таксопарка, скачать, скачать яндекс про, приложение яндекс про, установить яндекс про, apk, взлом, мод, бесплатно скачать, аренда авто под такси, аренда машины под такси, снять авто под такси, работа без авто, водитель без авто, авто под ключ такси, лизинг авто такси, каршеринг, uber, убер, ситимобил, gett, грузовое такси, газель, грузчики, переезд, автошкола, обучение на права, сдать на права, лишение прав, штраф гибдд, гибдд, франшиза такси, франшиза таксопарка, открыть таксопарк, без гражданства, иностранный водитель, работа такси для иностранцев, студентам, школьник, торрент;RUB;-;Комбинаторное;;П4 Без СМЗ и ИП;2;;"""работа такси без ип""";;;;;;;;;;;;;;Россия;70;;;;;курьер, доставка, пеший, мотокурьер, заказать такси, вызвать такси, аренда авто, без авто, авторегистрация, квиз;p4_trudovoj
П4_Поиск_Трудовой;Единая перфоманс-кампания;заказать такси, вызвать такси, заказать яндекс такси, яндекс такси заказать, такси до аэропорта, такси недорого, дешёвое такси, дешевое такси, яндекс го, яндекс еда, яндекс лавка, яндекс маркет, доставка еды, курьер, курьером, пеший курьер, вакансия, вакансии, вакансия водитель, вакансия в яндексе, работа в яндексе, работа в офисе яндекс, hh, хедхантер, авито работа, суперджоб, работа диспетчером, диспетчер такси, оператор такси, менеджер таксопарка, скачать, скачать яндекс про, приложение яндекс про, установить яндекс про, apk, взлом, мод, бесплатно скачать, аренда авто под такси, аренда машины под такси, снять авто под такси, работа без авто, водитель без авто, авто под ключ такси, лизинг авто такси, каршеринг, uber, убер, ситимобил, gett, грузовое такси, газель, грузчики, переезд, автошкола, обучение на права, сдать на права, лишение прав, штраф гибдд, гибдд, франшиза такси, франшиза таксопарка, открыть таксопарк, без гражданства, иностранный водитель, работа такси для иностранцев, студентам, школьник, торрент;RUB;-;Комбинаторное;;П4 Лимит НПД;3;;"""превысил лимит самозанятости такси""";;Работа в Яндекс Такси без СМЗ и ИП;Трудовой договор с парком Армада;Налоги платит парк, 3 тарифа;Без самозанятости и без ИП;2-НДФЛ по запросу для такси;Удалённое оформление по России;Лимит НПД — оформите трудовой;Налоги платит парк. Тарифы 3%+300₽, 5%+100₽ или 6%;Оформление через поддержку парка. Удалённо, РФ;2-НДФЛ по запросу. Заявка в чат, без авторегистрации;https://park-armada.ru/trudovoj-dogovor/?utm_source=yandex&utm_medium=cpc&utm_campaign=p4_trudovoj&utm_content={ad_id}&utm_term={keyword};trudovoj-dogovor;Россия;70;Тарифы 3/5/6%||FAQ трудового||Справка 2-НДФЛ||Лицензия ФГИС;Три схемы с парком||Частые вопросы по ТК||Статья про 2-НДФЛ||Реестр такси 3500₽;https://park-armada.ru/trudovoj-dogovor/?utm_source=yandex&utm_medium=cpc&utm_campaign=sitelink_labor_tariffs&utm_content={ad_id}&utm_term={keyword}#labor-tariffs||https://park-armada.ru/trudovoj-dogovor/?utm_source=yandex&utm_medium=cpc&utm_campaign=sitelink_labor_faq&utm_content={ad_id}&utm_term={keyword}#faq||https://park-armada.ru/blog/spravka-2ndfl-voditel-taxi/?utm_source=yandex&utm_medium=cpc&utm_campaign=sitelink_2ndfl&utm_content={ad_id}&utm_term={keyword}||https://park-armada.ru/license/?utm_source=yandex&utm_medium=cpc&utm_campaign=sitelink_license&utm_content={ad_id}&utm_term={keyword};Без самозанятости и ИП||Налоги платит парк||2-НДФЛ по запросу||Удалённо по России;курьер, доставка, пеший, мотокурьер, заказать такси, вызвать такси, аренда авто, без авто, авторегистрация, квиз;p4_trudovoj
П4_Поиск_Трудовой;Единая перфоманс-кампания;заказать такси, вызвать такси, заказать яндекс такси, яндекс такси заказать, такси до аэропорта, такси недорого, дешёвое такси, дешевое такси, яндекс го, яндекс еда, яндекс лавка, яндекс маркет, доставка еды, курьер, курьером, пеший курьер, вакансия, вакансии, вакансия водитель, вакансия в яндексе, работа в яндексе, работа в офисе яндекс, hh, хедхантер, авито работа, суперджоб, работа диспетчером, диспетчер такси, оператор такси, менеджер таксопарка, скачать, скачать яндекс про, приложение яндекс про, установить яндекс про, apk, взлом, мод, бесплатно скачать, аренда авто под такси, аренда машины под такси, снять авто под такси, работа без авто, водитель без авто, авто под ключ такси, лизинг авто такси, каршеринг, uber, убер, ситимобил, gett, грузовое такси, газель, грузчики, переезд, автошкола, обучение на права, сдать на права, лишение прав, штраф гибдд, гибдд, франшиза такси, франшиза таксопарка, открыть таксопарк, без гражданства, иностранный водитель, работа такси для иностранцев, студентам, школьник, торрент;RUB;-;Комбинаторное;;П4 Лимит НПД;3;;"""превышен лимит нпд такси что делать""";;;;;;;;;;;;;;Россия;70;;;;;курьер, доставка, пеший, мотокурьер, заказать такси, вызвать такси, аренда авто, без авто, авторегистрация, квиз;p4_trudovoj
П4_Поиск_Трудовой;Единая перфоманс-кампания;заказать такси, вызвать такси, заказать яндекс такси, яндекс такси заказать, такси до аэропорта, такси недорого, дешёвое такси, дешевое такси, яндекс го, яндекс еда, яндекс лавка, яндекс маркет, доставка еды, курьер, курьером, пеший курьер, вакансия, вакансии, вакансия водитель, вакансия в яндексе, работа в яндексе, работа в офисе яндекс, hh, хедхантер, авито работа, суперджоб, работа диспетчером, диспетчер такси, оператор такси, менеджер таксопарка, скачать, скачать яндекс про, приложение яндекс про, установить яндекс про, apk, взлом, мод, бесплатно скачать, аренда авто под такси, аренда машины под такси, снять авто под такси, работа без авто, водитель без авто, авто под ключ такси, лизинг авто такси, каршеринг, uber, убер, ситимобил, gett, грузовое такси, газель, грузчики, переезд, автошкола, обучение на права, сдать на права, лишение прав, штраф гибдд, гибдд, франшиза такси, франшиза таксопарка, открыть таксопарк, без гражданства, иностранный водитель, работа такси для иностранцев, студентам, школьник, торрент;RUB;-;Комбинаторное;;П4 Лимит НПД;3;;"""лимит самозанятого такси трудовой""";;;;;;;;;;;;;;Россия;70;;;;;курьер, доставка, пеший, мотокурьер, заказать такси, вызвать такси, аренда авто, без авто, авторегистрация, квиз;p4_trudovoj
П4_Поиск_Трудовой;Единая перфоманс-кампания;заказать такси, вызвать такси, заказать яндекс такси, яндекс такси заказать, такси до аэропорта, такси недорого, дешёвое такси, дешевое такси, яндекс го, яндекс еда, яндекс лавка, яндекс маркет, доставка еды, курьер, курьером, пеший курьер, вакансия, вакансии, вакансия водитель, вакансия в яндексе, работа в яндексе, работа в офисе яндекс, hh, хедхантер, авито работа, суперджоб, работа диспетчером, диспетчер такси, оператор такси, менеджер таксопарка, скачать, скачать яндекс про, приложение яндекс про, установить яндекс про, apk, взлом, мод, бесплатно скачать, аренда авто под такси, аренда машины под такси, снять авто под такси, работа без авто, водитель без авто, авто под ключ такси, лизинг авто такси, каршеринг, uber, убер, ситимобил, gett, грузовое такси, газель, грузчики, переезд, автошкола, обучение на права, сдать на права, лишение прав, штраф гибдд, гибдд, франшиза такси, франшиза таксопарка, открыть таксопарк, без гражданства, иностранный водитель, работа такси для иностранцев, студентам, школьник, торрент;RUB;-;Комбинаторное;;П4 Лимит НПД;3;;"""превышен лимит самозанятого не хочу ип""";;;;;;;;;;;;;;Россия;70;;;;;курьер, доставка, пеший, мотокурьер, заказать такси, вызвать такси, аренда авто, без авто, авторегистрация, квиз;p4_trudovoj
П4_Поиск_Трудовой;Единая перфоманс-кампания;заказать такси, вызвать такси, заказать яндекс такси, яндекс такси заказать, такси до аэропорта, такси недорого, дешёвое такси, дешевое такси, яндекс го, яндекс еда, яндекс лавка, яндекс маркет, доставка еды, курьер, курьером, пеший курьер, вакансия, вакансии, вакансия водитель, вакансия в яндексе, работа в яндексе, работа в офисе яндекс, hh, хедхантер, авито работа, суперджоб, работа диспетчером, диспетчер такси, оператор такси, менеджер таксопарка, скачать, скачать яндекс про, приложение яндекс про, установить яндекс про, apk, взлом, мод, бесплатно скачать, аренда авто под такси, аренда машины под такси, снять авто под такси, работа без авто, водитель без авто, авто под ключ такси, лизинг авто такси, каршеринг, uber, убер, ситимобил, gett, грузовое такси, газель, грузчики, переезд, автошкола, обучение на права, сдать на права, лишение прав, штраф гибдд, гибдд, франшиза такси, франшиза таксопарка, открыть таксопарк, без гражданства, иностранный водитель, работа такси для иностранцев, студентам, школьник, торрент;RUB;-;Комбинаторное;;П4 Лимит НПД;3;;"""что делать если превысил лимит самозанятого такси""";;;;;;;;;;;;;;Россия;70;;;;;курьер, доставка, пеший, мотокурьер, заказать такси, вызвать такси, аренда авто, без авто, авторегистрация, квиз;p4_trudovoj
П4_Поиск_Трудовой;Единая перфоманс-кампания;заказать такси, вызвать такси, заказать яндекс такси, яндекс такси заказать, такси до аэропорта, такси недорого, дешёвое такси, дешевое такси, яндекс го, яндекс еда, яндекс лавка, яндекс маркет, доставка еды, курьер, курьером, пеший курьер, вакансия, вакансии, вакансия водитель, вакансия в яндексе, работа в яндексе, работа в офисе яндекс, hh, хедхантер, авито работа, суперджоб, работа диспетчером, диспетчер такси, оператор такси, менеджер таксопарка, скачать, скачать яндекс про, приложение яндекс про, установить яндекс про, apk, взлом, мод, бесплатно скачать, аренда авто под такси, аренда машины под такси, снять авто под такси, работа без авто, водитель без авто, авто под ключ такси, лизинг авто такси, каршеринг, uber, убер, ситимобил, gett, грузовое такси, газель, грузчики, переезд, автошкола, обучение на права, сдать на права, лишение прав, штраф гибдд, гибдд, франшиза такси, франшиза таксопарка, открыть таксопарк, без гражданства, иностранный водитель, работа такси для иностранцев, студентам, школьник, торрент;RUB;-;Комбинаторное;;П4 Лимит НПД;3;;"""переход с самозанятого на трудовой договор такси""";;;;;;;;;;;;;;Россия;70;;;;;курьер, доставка, пеший, мотокурьер, заказать такси, вызвать такси, аренда авто, без авто, авторегистрация, квиз;p4_trudovoj
П4_Поиск_Трудовой;Единая перфоманс-кампания;заказать такси, вызвать такси, заказать яндекс такси, яндекс такси заказать, такси до аэропорта, такси недорого, дешёвое такси, дешевое такси, яндекс го, яндекс еда, яндекс лавка, яндекс маркет, доставка еды, курьер, курьером, пеший курьер, вакансия, вакансии, вакансия водитель, вакансия в яндексе, работа в яндексе, работа в офисе яндекс, hh, хедхантер, авито работа, суперджоб, работа диспетчером, диспетчер такси, оператор такси, менеджер таксопарка, скачать, скачать яндекс про, приложение яндекс про, установить яндекс про, apk, взлом, мод, бесплатно скачать, аренда авто под такси, аренда машины под такси, снять авто под такси, работа без авто, водитель без авто, авто под ключ такси, лизинг авто такси, каршеринг, uber, убер, ситимобил, gett, грузовое такси, газель, грузчики, переезд, автошкола, обучение на права, сдать на права, лишение прав, штраф гибдд, гибдд, франшиза такси, франшиза таксопарка, открыть таксопарк, без гражданства, иностранный водитель, работа такси для иностранцев, студентам, школьник, торрент;RUB;-;Комбинаторное;;П4 Лимит НПД;3;;"""лимит 2.4 млн такси трудовой договор""";;;;;;;;;;;;;;Россия;70;;;;;курьер, доставка, пеший, мотокурьер, заказать такси, вызвать такси, аренда авто, без авто, авторегистрация, квиз;p4_trudovoj
П4_Поиск_Трудовой;Единая перфоманс-кампания;заказать такси, вызвать такси, заказать яндекс такси, яндекс такси заказать, такси до аэропорта, такси недорого, дешёвое такси, дешевое такси, яндекс го, яндекс еда, яндекс лавка, яндекс маркет, доставка еды, курьер, курьером, пеший курьер, вакансия, вакансии, вакансия водитель, вакансия в яндексе, работа в яндексе, работа в офисе яндекс, hh, хедхантер, авито работа, суперджоб, работа диспетчером, диспетчер такси, оператор такси, менеджер таксопарка, скачать, скачать яндекс про, приложение яндекс про, установить яндекс про, apk, взлом, мод, бесплатно скачать, аренда авто под такси, аренда машины под такси, снять авто под такси, работа без авто, водитель без авто, авто под ключ такси, лизинг авто такси, каршеринг, uber, убер, ситимобил, gett, грузовое такси, газель, грузчики, переезд, автошкола, обучение на права, сдать на права, лишение прав, штраф гибдд, гибдд, франшиза такси, франшиза таксопарка, открыть таксопарк, без гражданства, иностранный водитель, работа такси для иностранцев, студентам, школьник, торрент;RUB;-;Комбинаторное;;П4 Лимит НПД;3;;"""превышен лимит ип такси трудовой""";;;;;;;;;;;;;;Россия;70;;;;;курьер, доставка, пеший, мотокурьер, заказать такси, вызвать такси, аренда авто, без авто, авторегистрация, квиз;p4_trudovoj
П4_Поиск_Трудовой;Единая перфоманс-кампания;заказать такси, вызвать такси, заказать яндекс такси, яндекс такси заказать, такси до аэропорта, такси недорого, дешёвое такси, дешевое такси, яндекс го, яндекс еда, яндекс лавка, яндекс маркет, доставка еды, курьер, курьером, пеший курьер, вакансия, вакансии, вакансия водитель, вакансия в яндексе, работа в яндексе, работа в офисе яндекс, hh, хедхантер, авито работа, суперджоб, работа диспетчером, диспетчер такси, оператор такси, менеджер таксопарка, скачать, скачать яндекс про, приложение яндекс про, установить яндекс про, apk, взлом, мод, бесплатно скачать, аренда авто под такси, аренда машины под такси, снять авто под такси, работа без авто, водитель без авто, авто под ключ такси, лизинг авто такси, каршеринг, uber, убер, ситимобил, gett, грузовое такси, газель, грузчики, переезд, автошкола, обучение на права, сдать на права, лишение прав, штраф гибдд, гибдд, франшиза такси, франшиза таксопарка, открыть таксопарк, без гражданства, иностранный водитель, работа такси для иностранцев, студентам, школьник, торрент;RUB;-;Комбинаторное;;П4 2-НДФЛ и налоги;4;;"""такси трудовой договор налог платит парк""";;Работа в Яндекс Такси без СМЗ и ИП;Трудовой договор с парком Армада;Налоги платит парк, 3 тарифа;Без самозанятости и без ИП;2-НДФЛ по запросу для такси;Удалённое оформление по России;Лимит НПД — оформите трудовой;Налоги платит парк. Тарифы 3%+300₽, 5%+100₽ или 6%;Оформление через поддержку парка. Удалённо, РФ;2-НДФЛ по запросу. Заявка в чат, без авторегистрации;https://park-armada.ru/trudovoj-dogovor/?utm_source=yandex&utm_medium=cpc&utm_campaign=p4_trudovoj&utm_content={ad_id}&utm_term={keyword};trudovoj-dogovor;Россия;70;Тарифы 3/5/6%||FAQ трудового||Справка 2-НДФЛ||Лицензия ФГИС;Три схемы с парком||Частые вопросы по ТК||Статья про 2-НДФЛ||Реестр такси 3500₽;https://park-armada.ru/trudovoj-dogovor/?utm_source=yandex&utm_medium=cpc&utm_campaign=sitelink_labor_tariffs&utm_content={ad_id}&utm_term={keyword}#labor-tariffs||https://park-armada.ru/trudovoj-dogovor/?utm_source=yandex&utm_medium=cpc&utm_campaign=sitelink_labor_faq&utm_content={ad_id}&utm_term={keyword}#faq||https://park-armada.ru/blog/spravka-2ndfl-voditel-taxi/?utm_source=yandex&utm_medium=cpc&utm_campaign=sitelink_2ndfl&utm_content={ad_id}&utm_term={keyword}||https://park-armada.ru/license/?utm_source=yandex&utm_medium=cpc&utm_campaign=sitelink_license&utm_content={ad_id}&utm_term={keyword};Без самозанятости и ИП||Налоги платит парк||2-НДФЛ по запросу||Удалённо по России;курьер, доставка, пеший, мотокурьер, заказать такси, вызвать такси, аренда авто, без авто, авторегистрация, квиз;p4_trudovoj
П4_Поиск_Трудовой;Единая перфоманс-кампания;заказать такси, вызвать такси, заказать яндекс такси, яндекс такси заказать, такси до аэропорта, такси недорого, дешёвое такси, дешевое такси, яндекс го, яндекс еда, яндекс лавка, яндекс маркет, доставка еды, курьер, курьером, пеший курьер, вакансия, вакансии, вакансия водитель, вакансия в яндексе, работа в яндексе, работа в офисе яндекс, hh, хедхантер, авито работа, суперджоб, работа диспетчером, диспетчер такси, оператор такси, менеджер таксопарка, скачать, скачать яндекс про, приложение яндекс про, установить яндекс про, apk, взлом, мод, бесплатно скачать, аренда авто под такси, аренда машины под такси, снять авто под такси, работа без авто, водитель без авто, авто под ключ такси, лизинг авто такси, каршеринг, uber, убер, ситимобил, gett, грузовое такси, газель, грузчики, переезд, автошкола, обучение на права, сдать на права, лишение прав, штраф гибдд, гибдд, франшиза такси, франшиза таксопарка, открыть таксопарк, без гражданства, иностранный водитель, работа такси для иностранцев, студентам, школьник, торрент;RUB;-;Комбинаторное;;П4 2-НДФЛ и налоги;4;;"""2ндфл такси""";;;;;;;;;;;;;;Россия;70;;;;;курьер, доставка, пеший, мотокурьер, заказать такси, вызвать такси, аренда авто, без авто, авторегистрация, квиз;p4_trudovoj
П4_Поиск_Трудовой;Единая перфоманс-кампания;заказать такси, вызвать такси, заказать яндекс такси, яндекс такси заказать, такси до аэропорта, такси недорого, дешёвое такси, дешевое такси, яндекс го, яндекс еда, яндекс лавка, яндекс маркет, доставка еды, курьер, курьером, пеший курьер, вакансия, вакансии, вакансия водитель, вакансия в яндексе, работа в яндексе, работа в офисе яндекс, hh, хедхантер, авито работа, суперджоб, работа диспетчером, диспетчер такси, оператор такси, менеджер таксопарка, скачать, скачать яндекс про, приложение яндекс про, установить яндекс про, apk, взлом, мод, бесплатно скачать, аренда авто под такси, аренда машины под такси, снять авто под такси, работа без авто, водитель без авто, авто под ключ такси, лизинг авто такси, каршеринг, uber, убер, ситимобил, gett, грузовое такси, газель, грузчики, переезд, автошкола, обучение на права, сдать на права, лишение прав, штраф гибдд, гибдд, франшиза такси, франшиза таксопарка, открыть таксопарк, без гражданства, иностранный водитель, работа такси для иностранцев, студентам, школьник, торрент;RUB;-;Комбинаторное;;П4 2-НДФЛ и налоги;4;;"""справка 2ндфл такси""";;;;;;;;;;;;;;Россия;70;;;;;курьер, доставка, пеший, мотокурьер, заказать такси, вызвать такси, аренда авто, без авто, авторегистрация, квиз;p4_trudovoj
П4_Поиск_Трудовой;Единая перфоманс-кампания;заказать такси, вызвать такси, заказать яндекс такси, яндекс такси заказать, такси до аэропорта, такси недорого, дешёвое такси, дешевое такси, яндекс го, яндекс еда, яндекс лавка, яндекс маркет, доставка еды, курьер, курьером, пеший курьер, вакансия, вакансии, вакансия водитель, вакансия в яндексе, работа в яндексе, работа в офисе яндекс, hh, хедхантер, авито работа, суперджоб, работа диспетчером, диспетчер такси, оператор такси, менеджер таксопарка, скачать, скачать яндекс про, приложение яндекс про, установить яндекс про, apk, взлом, мод, бесплатно скачать, аренда авто под такси, аренда машины под такси, снять авто под такси, работа без авто, водитель без авто, авто под ключ такси, лизинг авто такси, каршеринг, uber, убер, ситимобил, gett, грузовое такси, газель, грузчики, переезд, автошкола, обучение на права, сдать на права, лишение прав, штраф гибдд, гибдд, франшиза такси, франшиза таксопарка, открыть таксопарк, без гражданства, иностранный водитель, работа такси для иностранцев, студентам, школьник, торрент;RUB;-;Комбинаторное;;П4 2-НДФЛ и налоги;4;;"""трудовой договор такси 2ндфл""";;;;;;;;;;;;;;Россия;70;;;;;курьер, доставка, пеший, мотокурьер, заказать такси, вызвать такси, аренда авто, без авто, авторегистрация, квиз;p4_trudovoj
П4_Поиск_Трудовой;Единая перфоманс-кампания;заказать такси, вызвать такси, заказать яндекс такси, яндекс такси заказать, такси до аэропорта, такси недорого, дешёвое такси, дешевое такси, яндекс го, яндекс еда, яндекс лавка, яндекс маркет, доставка еды, курьер, курьером, пеший курьер, вакансия, вакансии, вакансия водитель, вакансия в яндексе, работа в яндексе, работа в офисе яндекс, hh, хедхантер, авито работа, суперджоб, работа диспетчером, диспетчер такси, оператор такси, менеджер таксопарка, скачать, скачать яндекс про, приложение яндекс про, установить яндекс про, apk, взлом, мод, бесплатно скачать, аренда авто под такси, аренда машины под такси, снять авто под такси, работа без авто, водитель без авто, авто под ключ такси, лизинг авто такси, каршеринг, uber, убер, ситимобил, gett, грузовое такси, газель, грузчики, переезд, автошкола, обучение на права, сдать на права, лишение прав, штраф гибдд, гибдд, франшиза такси, франшиза таксопарка, открыть таксопарк, без гражданства, иностранный водитель, работа такси для иностранцев, студентам, школьник, торрент;RUB;-;Комбинаторное;;П4 2-НДФЛ и налоги;4;;"""налоги платит парк такси""";;;;;;;;;;;;;;Россия;70;;;;;курьер, доставка, пеший, мотокурьер, заказать такси, вызвать такси, аренда авто, без авто, авторегистрация, квиз;p4_trudovoj
П4_Поиск_Трудовой;Единая перфоманс-кампания;заказать такси, вызвать такси, заказать яндекс такси, яндекс такси заказать, такси до аэропорта, такси недорого, дешёвое такси, дешевое такси, яндекс го, яндекс еда, яндекс лавка, яндекс маркет, доставка еды, курьер, курьером, пеший курьер, вакансия, вакансии, вакансия водитель, вакансия в яндексе, работа в яндексе, работа в офисе яндекс, hh, хедхантер, авито работа, суперджоб, работа диспетчером, диспетчер такси, оператор такси, менеджер таксопарка, скачать, скачать яндекс про, приложение яндекс про, установить яндекс про, apk, взлом, мод, бесплатно скачать, аренда авто под такси, аренда машины под такси, снять авто под такси, работа без авто, водитель без авто, авто под ключ такси, лизинг авто такси, каршеринг, uber, убер, ситимобил, gett, грузовое такси, газель, грузчики, переезд, автошкола, обучение на права, сдать на права, лишение прав, штраф гибдд, гибдд, франшиза такси, франшиза таксопарка, открыть таксопарк, без гражданства, иностранный водитель, работа такси для иностранцев, студентам, школьник, торрент;RUB;-;Комбинаторное;;П4 2-НДФЛ и налоги;4;;"""договор с таксопарком трудовой""";;;;;;;;;;;;;;Россия;70;;;;;курьер, доставка, пеший, мотокурьер, заказать такси, вызвать такси, аренда авто, без авто, авторегистрация, квиз;p4_trudovoj
П4_Поиск_Трудовой;Единая перфоманс-кампания;заказать такси, вызвать такси, заказать яндекс такси, яндекс такси заказать, такси до аэропорта, такси недорого, дешёвое такси, дешевое такси, яндекс го, яндекс еда, яндекс лавка, яндекс маркет, доставка еды, курьер, курьером, пеший курьер, вакансия, вакансии, вакансия водитель, вакансия в яндексе, работа в яндексе, работа в офисе яндекс, hh, хедхантер, авито работа, суперджоб, работа диспетчером, диспетчер такси, оператор такси, менеджер таксопарка, скачать, скачать яндекс про, приложение яндекс про, установить яндекс про, apk, взлом, мод, бесплатно скачать, аренда авто под такси, аренда машины под такси, снять авто под такси, работа без авто, водитель без авто, авто под ключ такси, лизинг авто такси, каршеринг, uber, убер, ситимобил, gett, грузовое такси, газель, грузчики, переезд, автошкола, обучение на права, сдать на права, лишение прав, штраф гибдд, гибдд, франшиза такси, франшиза таксопарка, открыть таксопарк, без гражданства, иностранный водитель, работа такси для иностранцев, студентам, школьник, торрент;RUB;-;Комбинаторное;;П4 Банкротство и занятость;5;;"""такси при банкротстве трудовой договор""";;Работа в Яндекс Такси без СМЗ и ИП;Трудовой договор с парком Армада;Налоги платит парк, 3 тарифа;Без самозанятости и без ИП;2-НДФЛ по запросу для такси;Удалённое оформление по России;Лимит НПД — оформите трудовой;Налоги платит парк. Тарифы 3%+300₽, 5%+100₽ или 6%;Оформление через поддержку парка. Удалённо, РФ;2-НДФЛ по запросу. Заявка в чат, без авторегистрации;https://park-armada.ru/trudovoj-dogovor/?utm_source=yandex&utm_medium=cpc&utm_campaign=p4_trudovoj&utm_content={ad_id}&utm_term={keyword};trudovoj-dogovor;Россия;70;Тарифы 3/5/6%||FAQ трудового||Справка 2-НДФЛ||Лицензия ФГИС;Три схемы с парком||Частые вопросы по ТК||Статья про 2-НДФЛ||Реестр такси 3500₽;https://park-armada.ru/trudovoj-dogovor/?utm_source=yandex&utm_medium=cpc&utm_campaign=sitelink_labor_tariffs&utm_content={ad_id}&utm_term={keyword}#labor-tariffs||https://park-armada.ru/trudovoj-dogovor/?utm_source=yandex&utm_medium=cpc&utm_campaign=sitelink_labor_faq&utm_content={ad_id}&utm_term={keyword}#faq||https://park-armada.ru/blog/spravka-2ndfl-voditel-taxi/?utm_source=yandex&utm_medium=cpc&utm_campaign=sitelink_2ndfl&utm_content={ad_id}&utm_term={keyword}||https://park-armada.ru/license/?utm_source=yandex&utm_medium=cpc&utm_campaign=sitelink_license&utm_content={ad_id}&utm_term={keyword};Без самозанятости и ИП||Налоги платит парк||2-НДФЛ по запросу||Удалённо по России;курьер, доставка, пеший, мотокурьер, заказать такси, вызвать такси, аренда авто, без авто, авторегистрация, квиз;p4_trudovoj
П4_Поиск_Трудовой;Единая перфоманс-кампания;заказать такси, вызвать такси, заказать яндекс такси, яндекс такси заказать, такси до аэропорта, такси недорого, дешёвое такси, дешевое такси, яндекс го, яндекс еда, яндекс лавка, яндекс маркет, доставка еды, курьер, курьером, пеший курьер, вакансия, вакансии, вакансия водитель, вакансия в яндексе, работа в яндексе, работа в офисе яндекс, hh, хедхантер, авито работа, суперджоб, работа диспетчером, диспетчер такси, оператор такси, менеджер таксопарка, скачать, скачать яндекс про, приложение яндекс про, установить яндекс про, apk, взлом, мод, бесплатно скачать, аренда авто под такси, аренда машины под такси, снять авто под такси, работа без авто, водитель без авто, авто под ключ такси, лизинг авто такси, каршеринг, uber, убер, ситимобил, gett, грузовое такси, газель, грузчики, переезд, автошкола, обучение на права, сдать на права, лишение прав, штраф гибдд, гибдд, франшиза такси, франшиза таксопарка, открыть таксопарк, без гражданства, иностранный водитель, работа такси для иностранцев, студентам, школьник, торрент;RUB;-;Комбинаторное;;П4 Банкротство и занятость;5;;"""работа такси при банкротстве""";;;;;;;;;;;;;;Россия;70;;;;;курьер, доставка, пеший, мотокурьер, заказать такси, вызвать такси, аренда авто, без авто, авторегистрация, квиз;p4_trudovoj
П4_Поиск_Трудовой;Единая перфоманс-кампания;заказать такси, вызвать такси, заказать яндекс такси, яндекс такси заказать, такси до аэропорта, такси недорого, дешёвое такси, дешевое такси, яндекс го, яндекс еда, яндекс лавка, яндекс маркет, доставка еды, курьер, курьером, пеший курьер, вакансия, вакансии, вакансия водитель, вакансия в яндексе, работа в яндексе, работа в офисе яндекс, hh, хедхантер, авито работа, суперджоб, работа диспетчером, диспетчер такси, оператор такси, менеджер таксопарка, скачать, скачать яндекс про, приложение яндекс про, установить яндекс про, apk, взлом, мод, бесплатно скачать, аренда авто под такси, аренда машины под такси, снять авто под такси, работа без авто, водитель без авто, авто под ключ такси, лизинг авто такси, каршеринг, uber, убер, ситимобил, gett, грузовое такси, газель, грузчики, переезд, автошкола, обучение на права, сдать на права, лишение прав, штраф гибдд, гибдд, франшиза такси, франшиза таксопарка, открыть таксопарк, без гражданства, иностранный водитель, работа такси для иностранцев, студентам, школьник, торрент;RUB;-;Комбинаторное;;П4 Банкротство и занятость;5;;"""работа такси на пособии""";;;;;;;;;;;;;;Россия;70;;;;;курьер, доставка, пеший, мотокурьер, заказать такси, вызвать такси, аренда авто, без авто, авторегистрация, квиз;p4_trudovoj
П4_Поиск_Трудовой;Единая перфоманс-кампания;заказать такси, вызвать такси, заказать яндекс такси, яндекс такси заказать, такси до аэропорта, такси недорого, дешёвое такси, дешевое такси, яндекс го, яндекс еда, яндекс лавка, яндекс маркет, доставка еды, курьер, курьером, пеший курьер, вакансия, вакансии, вакансия водитель, вакансия в яндексе, работа в яндексе, работа в офисе яндекс, hh, хедхантер, авито работа, суперджоб, работа диспетчером, диспетчер такси, оператор такси, менеджер таксопарка, скачать, скачать яндекс про, приложение яндекс про, установить яндекс про, apk, взлом, мод, бесплатно скачать, аренда авто под такси, аренда машины под такси, снять авто под такси, работа без авто, водитель без авто, авто под ключ такси, лизинг авто такси, каршеринг, uber, убер, ситимобил, gett, грузовое такси, газель, грузчики, переезд, автошкола, обучение на права, сдать на права, лишение прав, штраф гибдд, гибдд, франшиза такси, франшиза таксопарка, открыть таксопарк, без гражданства, иностранный водитель, работа такси для иностранцев, студентам, школьник, торрент;RUB;-;Комбинаторное;;П4 Банкротство и занятость;5;;"""трудовой договор такси банкротство""";;;;;;;;;;;;;;Россия;70;;;;;курьер, доставка, пеший, мотокурьер, заказать такси, вызвать такси, аренда авто, без авто, авторегистрация, квиз;p4_trudovoj
П4_Поиск_Трудовой;Единая перфоманс-кампания;заказать такси, вызвать такси, заказать яндекс такси, яндекс такси заказать, такси до аэропорта, такси недорого, дешёвое такси, дешевое такси, яндекс го, яндекс еда, яндекс лавка, яндекс маркет, доставка еды, курьер, курьером, пеший курьер, вакансия, вакансии, вакансия водитель, вакансия в яндексе, работа в яндексе, работа в офисе яндекс, hh, хедхантер, авито работа, суперджоб, работа диспетчером, диспетчер такси, оператор такси, менеджер таксопарка, скачать, скачать яндекс про, приложение яндекс про, установить яндекс про, apk, взлом, мод, бесплатно скачать, аренда авто под такси, аренда машины под такси, снять авто под такси, работа без авто, водитель без авто, авто под ключ такси, лизинг авто такси, каршеринг, uber, убер, ситимобил, gett, грузовое такси, газель, грузчики, переезд, автошкола, обучение на права, сдать на права, лишение прав, штраф гибдд, гибдд, франшиза такси, франшиза таксопарка, открыть таксопарк, без гражданства, иностранный водитель, работа такси для иностранцев, студентам, школьник, торрент;RUB;-;Комбинаторное;;П4 Банкротство и занятость;5;;"""такси тип занятости не подтвержден""";;;;;;;;;;;;;;Россия;70;;;;;курьер, доставка, пеший, мотокурьер, заказать такси, вызвать такси, аренда авто, без авто, авторегистрация, квиз;p4_trudovoj
П4_Поиск_Трудовой;Единая перфоманс-кампания;заказать такси, вызвать такси, заказать яндекс такси, яндекс такси заказать, такси до аэропорта, такси недорого, дешёвое такси, дешевое такси, яндекс го, яндекс еда, яндекс лавка, яндекс маркет, доставка еды, курьер, курьером, пеший курьер, вакансия, вакансии, вакансия водитель, вакансия в яндексе, работа в яндексе, работа в офисе яндекс, hh, хедхантер, авито работа, суперджоб, работа диспетчером, диспетчер такси, оператор такси, менеджер таксопарка, скачать, скачать яндекс про, приложение яндекс про, установить яндекс про, apk, взлом, мод, бесплатно скачать, аренда авто под такси, аренда машины под такси, снять авто под такси, работа без авто, водитель без авто, авто под ключ такси, лизинг авто такси, каршеринг, uber, убер, ситимобил, gett, грузовое такси, газель, грузчики, переезд, автошкола, обучение на права, сдать на права, лишение прав, штраф гибдд, гибдд, франшиза такси, франшиза таксопарка, открыть таксопарк, без гражданства, иностранный водитель, работа такси для иностранцев, студентам, школьник, торрент;RUB;-;Комбинаторное;;П4 Банкротство и занятость;5;;"""деприоритет тип занятости яндекс такси""";;;;;;;;;;;;;;Россия;70;;;;;курьер, доставка, пеший, мотокурьер, заказать такси, вызвать такси, аренда авто, без авто, авторегистрация, квиз;p4_trudovoj
П4_Поиск_Трудовой;Единая перфоманс-кампания;заказать такси, вызвать такси, заказать яндекс такси, яндекс такси заказать, такси до аэропорта, такси недорого, дешёвое такси, дешевое такси, яндекс го, яндекс еда, яндекс лавка, яндекс маркет, доставка еды, курьер, курьером, пеший курьер, вакансия, вакансии, вакансия водитель, вакансия в яндексе, работа в яндексе, работа в офисе яндекс, hh, хедхантер, авито работа, суперджоб, работа диспетчером, диспетчер такси, оператор такси, менеджер таксопарка, скачать, скачать яндекс про, приложение яндекс про, установить яндекс про, apk, взлом, мод, бесплатно скачать, аренда авто под такси, аренда машины под такси, снять авто под такси, работа без авто, водитель без авто, авто под ключ такси, лизинг авто такси, каршеринг, uber, убер, ситимобил, gett, грузовое такси, газель, грузчики, переезд, автошкола, обучение на права, сдать на права, лишение прав, штраф гибдд, гибдд, франшиза такси, франшиза таксопарка, открыть таксопарк, без гражданства, иностранный водитель, работа такси для иностранцев, студентам, школьник, торрент;RUB;-;Комбинаторное;;П4 Комиссия и бренд;6;;"""комиссия трудового договора такси""";;Работа в Яндекс Такси без СМЗ и ИП;Трудовой договор с парком Армада;Налоги платит парк, 3 тарифа;Без самозанятости и без ИП;2-НДФЛ по запросу для такси;Удалённое оформление по России;Лимит НПД — оформите трудовой;Налоги платит парк. Тарифы 3%+300₽, 5%+100₽ или 6%;Оформление через поддержку парка. Удалённо, РФ;2-НДФЛ по запросу. Заявка в чат, без авторегистрации;https://park-armada.ru/trudovoj-dogovor/?utm_source=yandex&utm_medium=cpc&utm_campaign=p4_trudovoj&utm_content={ad_id}&utm_term={keyword};trudovoj-dogovor;Россия;70;Тарифы 3/5/6%||FAQ трудового||Справка 2-НДФЛ||Лицензия ФГИС;Три схемы с парком||Частые вопросы по ТК||Статья про 2-НДФЛ||Реестр такси 3500₽;https://park-armada.ru/trudovoj-dogovor/?utm_source=yandex&utm_medium=cpc&utm_campaign=sitelink_labor_tariffs&utm_content={ad_id}&utm_term={keyword}#labor-tariffs||https://park-armada.ru/trudovoj-dogovor/?utm_source=yandex&utm_medium=cpc&utm_campaign=sitelink_labor_faq&utm_content={ad_id}&utm_term={keyword}#faq||https://park-armada.ru/blog/spravka-2ndfl-voditel-taxi/?utm_source=yandex&utm_medium=cpc&utm_campaign=sitelink_2ndfl&utm_content={ad_id}&utm_term={keyword}||https://park-armada.ru/license/?utm_source=yandex&utm_medium=cpc&utm_campaign=sitelink_license&utm_content={ad_id}&utm_term={keyword};Без самозанятости и ИП||Налоги платит парк||2-НДФЛ по запросу||Удалённо по России;курьер, доставка, пеший, мотокурьер, заказать такси, вызвать такси, аренда авто, без авто, авторегистрация, квиз;p4_trudovoj
П4_Поиск_Трудовой;Единая перфоманс-кампания;заказать такси, вызвать такси, заказать яндекс такси, яндекс такси заказать, такси до аэропорта, такси недорого, дешёвое такси, дешевое такси, яндекс го, яндекс еда, яндекс лавка, яндекс маркет, доставка еды, курьер, курьером, пеший курьер, вакансия, вакансии, вакансия водитель, вакансия в яндексе, работа в яндексе, работа в офисе яндекс, hh, хедхантер, авито работа, суперджоб, работа диспетчером, диспетчер такси, оператор такси, менеджер таксопарка, скачать, скачать яндекс про, приложение яндекс про, установить яндекс про, apk, взлом, мод, бесплатно скачать, аренда авто под такси, аренда машины под такси, снять авто под такси, работа без авто, водитель без авто, авто под ключ такси, лизинг авто такси, каршеринг, uber, убер, ситимобил, gett, грузовое такси, газель, грузчики, переезд, автошкола, обучение на права, сдать на права, лишение прав, штраф гибдд, гибдд, франшиза такси, франшиза таксопарка, открыть таксопарк, без гражданства, иностранный водитель, работа такси для иностранцев, студентам, школьник, торрент;RUB;-;Комбинаторное;;П4 Комиссия и бренд;6;;"""трудовой договор такси 3 процента""";;;;;;;;;;;;;;Россия;70;;;;;курьер, доставка, пеший, мотокурьер, заказать такси, вызвать такси, аренда авто, без авто, авторегистрация, квиз;p4_trudovoj
П4_Поиск_Трудовой;Единая перфоманс-кампания;заказать такси, вызвать такси, заказать яндекс такси, яндекс такси заказать, такси до аэропорта, такси недорого, дешёвое такси, дешевое такси, яндекс го, яндекс еда, яндекс лавка, яндекс маркет, доставка еды, курьер, курьером, пеший курьер, вакансия, вакансии, вакансия водитель, вакансия в яндексе, работа в яндексе, работа в офисе яндекс, hh, хедхантер, авито работа, суперджоб, работа диспетчером, диспетчер такси, оператор такси, менеджер таксопарка, скачать, скачать яндекс про, приложение яндекс про, установить яндекс про, apk, взлом, мод, бесплатно скачать, аренда авто под такси, аренда машины под такси, снять авто под такси, работа без авто, водитель без авто, авто под ключ такси, лизинг авто такси, каршеринг, uber, убер, ситимобил, gett, грузовое такси, газель, грузчики, переезд, автошкола, обучение на права, сдать на права, лишение прав, штраф гибдд, гибдд, франшиза такси, франшиза таксопарка, открыть таксопарк, без гражданства, иностранный водитель, работа такси для иностранцев, студентам, школьник, торрент;RUB;-;Комбинаторное;;П4 Комиссия и бренд;6;;"""таксопарк армада трудовой""";;;;;;;;;;;;;;Россия;70;;;;;курьер, доставка, пеший, мотокурьер, заказать такси, вызвать такси, аренда авто, без авто, авторегистрация, квиз;p4_trudovoj
П4_Поиск_Трудовой;Единая перфоманс-кампания;заказать такси, вызвать такси, заказать яндекс такси, яндекс такси заказать, такси до аэропорта, такси недорого, дешёвое такси, дешевое такси, яндекс го, яндекс еда, яндекс лавка, яндекс маркет, доставка еды, курьер, курьером, пеший курьер, вакансия, вакансии, вакансия водитель, вакансия в яндексе, работа в яндексе, работа в офисе яндекс, hh, хедхантер, авито работа, суперджоб, работа диспетчером, диспетчер такси, оператор такси, менеджер таксопарка, скачать, скачать яндекс про, приложение яндекс про, установить яндекс про, apk, взлом, мод, бесплатно скачать, аренда авто под такси, аренда машины под такси, снять авто под такси, работа без авто, водитель без авто, авто под ключ такси, лизинг авто такси, каршеринг, uber, убер, ситимобил, gett, грузовое такси, газель, грузчики, переезд, автошкола, обучение на права, сдать на права, лишение прав, штраф гибдд, гибдд, франшиза такси, франшиза таксопарка, открыть таксопарк, без гражданства, иностранный водитель, работа такси для иностранцев, студентам, школьник, торрент;RUB;-;Комбинаторное;;П4 Комиссия и бренд;6;;"""парк армада трудовой договор""";;;;;;;;;;;;;;Россия;70;;;;;курьер, доставка, пеший, мотокурьер, заказать такси, вызвать такси, аренда авто, без авто, авторегистрация, квиз;p4_trudovoj
П2_Поиск_Самозанятый;Единая перфоманс-кампания;заказать такси, вызвать такси, заказать яндекс такси, яндекс такси заказать, такси до аэропорта, такси недорого, дешёвое такси, дешевое такси, яндекс го, яндекс еда, яндекс лавка, яндекс маркет, доставка еды, курьер, курьером, пеший курьер, вакансия, вакансии, вакансия водитель, вакансия в яндексе, работа в яндексе, работа в офисе яндекс, hh, хедхантер, авито работа, суперджоб, работа диспетчером, диспетчер такси, оператор такси, менеджер таксопарка, скачать, скачать яндекс про, приложение яндекс про, установить яндекс про, apk, взлом, мод, бесплатно скачать, аренда авто под такси, аренда машины под такси, снять авто под такси, работа без авто, водитель без авто, авто под ключ такси, лизинг авто такси, каршеринг, uber, убер, ситимобил, gett, грузовое такси, газель, грузчики, переезд, автошкола, обучение на права, сдать на права, лишение прав, штраф гибдд, гибдд, франшиза такси, франшиза таксопарка, открыть таксопарк, без гражданства, иностранный водитель, работа такси для иностранцев, студентам, школьник, торрент, трудовой договор;RUB;-;Комбинаторное;;Парковый самозанятый;7;;"""парковый самозанятый""";;Подключение к Яндекс Такси от 1,9%;Парковый самозанятый в Армаде;Активация аккаунта 10–15 минут;Авторегистрация онлайн в парке;Комиссия парка отдельно, от 1,9%;Удалённо по всей России;Моментальный вывод для СМЗ;Парковый самозанятый. Комиссия парка от 1,9%;Авторегистрация онлайн. Активация 10–15 минут;Удалённо по России. Своё авто, гражданство РФ;https://park-armada.ru/taxi/?utm_source=yandex&utm_medium=cpc&utm_campaign=p2_samozanyatyj&utm_content={ad_id}&utm_term={keyword}#formats;taxi;Россия;55;Трудовой договор||Самозанятый 1,9%||Доставка||Лицензия ФГИС;Без СМЗ и ИП, 3 тарифа||Парковый СМЗ, такси||Курьер Яндекс Доставка||Реестр такси 3500₽ / 5 лет;https://park-armada.ru/trudovoj-dogovor/?utm_source=yandex&utm_medium=cpc&utm_campaign=sitelink_labor&utm_content={ad_id}&utm_term={keyword}||https://park-armada.ru/taxi/?utm_source=yandex&utm_medium=cpc&utm_campaign=sitelink_smz&utm_content={ad_id}&utm_term={keyword}#formats||https://park-armada.ru/delivery/?utm_source=yandex&utm_medium=cpc&utm_campaign=sitelink_delivery&utm_content={ad_id}&utm_term={keyword}#courier-tariffs||https://park-armada.ru/license/?utm_source=yandex&utm_medium=cpc&utm_campaign=sitelink_license&utm_content={ad_id}&utm_term={keyword};Комиссия парка от 1,9%||Активация 10–15 минут||Авторегистрация онлайн||Удалённо по России;трудовой договор, без самозанятости, без ип, курьер, доставка, заказать такси;p2_samozanyatyj
П2_Поиск_Самозанятый;Единая перфоманс-кампания;заказать такси, вызвать такси, заказать яндекс такси, яндекс такси заказать, такси до аэропорта, такси недорого, дешёвое такси, дешевое такси, яндекс го, яндекс еда, яндекс лавка, яндекс маркет, доставка еды, курьер, курьером, пеший курьер, вакансия, вакансии, вакансия водитель, вакансия в яндексе, работа в яндексе, работа в офисе яндекс, hh, хедхантер, авито работа, суперджоб, работа диспетчером, диспетчер такси, оператор такси, менеджер таксопарка, скачать, скачать яндекс про, приложение яндекс про, установить яндекс про, apk, взлом, мод, бесплатно скачать, аренда авто под такси, аренда машины под такси, снять авто под такси, работа без авто, водитель без авто, авто под ключ такси, лизинг авто такси, каршеринг, uber, убер, ситимобил, gett, грузовое такси, газель, грузчики, переезд, автошкола, обучение на права, сдать на права, лишение прав, штраф гибдд, гибдд, франшиза такси, франшиза таксопарка, открыть таксопарк, без гражданства, иностранный водитель, работа такси для иностранцев, студентам, школьник, торрент, трудовой договор;RUB;-;Комбинаторное;;Парковый самозанятый;7;;"""парковый самозанятый яндекс такси""";;;;;;;;;;;;;;Россия;55;;;;;трудовой договор, без самозанятости, без ип, курьер, доставка, заказать такси;p2_samozanyatyj
П2_Поиск_Самозанятый;Единая перфоманс-кампания;заказать такси, вызвать такси, заказать яндекс такси, яндекс такси заказать, такси до аэропорта, такси недорого, дешёвое такси, дешевое такси, яндекс го, яндекс еда, яндекс лавка, яндекс маркет, доставка еды, курьер, курьером, пеший курьер, вакансия, вакансии, вакансия водитель, вакансия в яндексе, работа в яндексе, работа в офисе яндекс, hh, хедхантер, авито работа, суперджоб, работа диспетчером, диспетчер такси, оператор такси, менеджер таксопарка, скачать, скачать яндекс про, приложение яндекс про, установить яндекс про, apk, взлом, мод, бесплатно скачать, аренда авто под такси, аренда машины под такси, снять авто под такси, работа без авто, водитель без авто, авто под ключ такси, лизинг авто такси, каршеринг, uber, убер, ситимобил, gett, грузовое такси, газель, грузчики, переезд, автошкола, обучение на права, сдать на права, лишение прав, штраф гибдд, гибдд, франшиза такси, франшиза таксопарка, открыть таксопарк, без гражданства, иностранный водитель, работа такси для иностранцев, студентам, школьник, торрент, трудовой договор;RUB;-;Комбинаторное;;Парковый самозанятый;7;;"""самозанятый яндекс такси парк""";;;;;;;;;;;;;;Россия;55;;;;;трудовой договор, без самозанятости, без ип, курьер, доставка, заказать такси;p2_samozanyatyj
П2_Поиск_Самозанятый;Единая перфоманс-кампания;заказать такси, вызвать такси, заказать яндекс такси, яндекс такси заказать, такси до аэропорта, такси недорого, дешёвое такси, дешевое такси, яндекс го, яндекс еда, яндекс лавка, яндекс маркет, доставка еды, курьер, курьером, пеший курьер, вакансия, вакансии, вакансия водитель, вакансия в яндексе, работа в яндексе, работа в офисе яндекс, hh, хедхантер, авито работа, суперджоб, работа диспетчером, диспетчер такси, оператор такси, менеджер таксопарка, скачать, скачать яндекс про, приложение яндекс про, установить яндекс про, apk, взлом, мод, бесплатно скачать, аренда авто под такси, аренда машины под такси, снять авто под такси, работа без авто, водитель без авто, авто под ключ такси, лизинг авто такси, каршеринг, uber, убер, ситимобил, gett, грузовое такси, газель, грузчики, переезд, автошкола, обучение на права, сдать на права, лишение прав, штраф гибдд, гибдд, франшиза такси, франшиза таксопарка, открыть таксопарк, без гражданства, иностранный водитель, работа такси для иностранцев, студентам, школьник, торрент, трудовой договор;RUB;-;Комбинаторное;;Парковый самозанятый;7;;"""стать парковым самозанятым""";;;;;;;;;;;;;;Россия;55;;;;;трудовой договор, без самозанятости, без ип, курьер, доставка, заказать такси;p2_samozanyatyj
П2_Поиск_Самозанятый;Единая перфоманс-кампания;заказать такси, вызвать такси, заказать яндекс такси, яндекс такси заказать, такси до аэропорта, такси недорого, дешёвое такси, дешевое такси, яндекс го, яндекс еда, яндекс лавка, яндекс маркет, доставка еды, курьер, курьером, пеший курьер, вакансия, вакансии, вакансия водитель, вакансия в яндексе, работа в яндексе, работа в офисе яндекс, hh, хедхантер, авито работа, суперджоб, работа диспетчером, диспетчер такси, оператор такси, менеджер таксопарка, скачать, скачать яндекс про, приложение яндекс про, установить яндекс про, apk, взлом, мод, бесплатно скачать, аренда авто под такси, аренда машины под такси, снять авто под такси, работа без авто, водитель без авто, авто под ключ такси, лизинг авто такси, каршеринг, uber, убер, ситимобил, gett, грузовое такси, газель, грузчики, переезд, автошкола, обучение на права, сдать на права, лишение прав, штраф гибдд, гибдд, франшиза такси, франшиза таксопарка, открыть таксопарк, без гражданства, иностранный водитель, работа такси для иностранцев, студентам, школьник, торрент, трудовой договор;RUB;-;Комбинаторное;;Парковый самозанятый;7;;"""комиссия парка самозанятый""";;;;;;;;;;;;;;Россия;55;;;;;трудовой договор, без самозанятости, без ип, курьер, доставка, заказать такси;p2_samozanyatyj
П2_Поиск_Самозанятый;Единая перфоманс-кампания;заказать такси, вызвать такси, заказать яндекс такси, яндекс такси заказать, такси до аэропорта, такси недорого, дешёвое такси, дешевое такси, яндекс го, яндекс еда, яндекс лавка, яндекс маркет, доставка еды, курьер, курьером, пеший курьер, вакансия, вакансии, вакансия водитель, вакансия в яндексе, работа в яндексе, работа в офисе яндекс, hh, хедхантер, авито работа, суперджоб, работа диспетчером, диспетчер такси, оператор такси, менеджер таксопарка, скачать, скачать яндекс про, приложение яндекс про, установить яндекс про, apk, взлом, мод, бесплатно скачать, аренда авто под такси, аренда машины под такси, снять авто под такси, работа без авто, водитель без авто, авто под ключ такси, лизинг авто такси, каршеринг, uber, убер, ситимобил, gett, грузовое такси, газель, грузчики, переезд, автошкола, обучение на права, сдать на права, лишение прав, штраф гибдд, гибдд, франшиза такси, франшиза таксопарка, открыть таксопарк, без гражданства, иностранный водитель, работа такси для иностранцев, студентам, школьник, торрент, трудовой договор;RUB;-;Комбинаторное;;Парковый самозанятый;7;;"""подключение самозанятый яндекс такси""";;;;;;;;;;;;;;Россия;55;;;;;трудовой договор, без самозанятости, без ип, курьер, доставка, заказать такси;p2_samozanyatyj
П2_Поиск_Самозанятый;Единая перфоманс-кампания;заказать такси, вызвать такси, заказать яндекс такси, яндекс такси заказать, такси до аэропорта, такси недорого, дешёвое такси, дешевое такси, яндекс го, яндекс еда, яндекс лавка, яндекс маркет, доставка еды, курьер, курьером, пеший курьер, вакансия, вакансии, вакансия водитель, вакансия в яндексе, работа в яндексе, работа в офисе яндекс, hh, хедхантер, авито работа, суперджоб, работа диспетчером, диспетчер такси, оператор такси, менеджер таксопарка, скачать, скачать яндекс про, приложение яндекс про, установить яндекс про, apk, взлом, мод, бесплатно скачать, аренда авто под такси, аренда машины под такси, снять авто под такси, работа без авто, водитель без авто, авто под ключ такси, лизинг авто такси, каршеринг, uber, убер, ситимобил, gett, грузовое такси, газель, грузчики, переезд, автошкола, обучение на права, сдать на права, лишение прав, штраф гибдд, гибдд, франшиза такси, франшиза таксопарка, открыть таксопарк, без гражданства, иностранный водитель, работа такси для иностранцев, студентам, школьник, торрент, трудовой договор;RUB;-;Комбинаторное;;Парковый самозанятый;7;;"""работа такси самозанятый парк""";;;;;;;;;;;;;;Россия;55;;;;;трудовой договор, без самозанятости, без ип, курьер, доставка, заказать такси;p2_samozanyatyj
П2_Поиск_Самозанятый;Единая перфоманс-кампания;заказать такси, вызвать такси, заказать яндекс такси, яндекс такси заказать, такси до аэропорта, такси недорого, дешёвое такси, дешевое такси, яндекс го, яндекс еда, яндекс лавка, яндекс маркет, доставка еды, курьер, курьером, пеший курьер, вакансия, вакансии, вакансия водитель, вакансия в яндексе, работа в яндексе, работа в офисе яндекс, hh, хедхантер, авито работа, суперджоб, работа диспетчером, диспетчер такси, оператор такси, менеджер таксопарка, скачать, скачать яндекс про, приложение яндекс про, установить яндекс про, apk, взлом, мод, бесплатно скачать, аренда авто под такси, аренда машины под такси, снять авто под такси, работа без авто, водитель без авто, авто под ключ такси, лизинг авто такси, каршеринг, uber, убер, ситимобил, gett, грузовое такси, газель, грузчики, переезд, автошкола, обучение на права, сдать на права, лишение прав, штраф гибдд, гибдд, франшиза такси, франшиза таксопарка, открыть таксопарк, без гражданства, иностранный водитель, работа такси для иностранцев, студентам, школьник, торрент, трудовой договор;RUB;-;Комбинаторное;;Парковый самозанятый;7;;"""яндекс такси самозанятый оформление""";;;;;;;;;;;;;;Россия;55;;;;;трудовой договор, без самозанятости, без ип, курьер, доставка, заказать такси;p2_samozanyatyj
П2_Поиск_Самозанятый;Единая перфоманс-кампания;заказать такси, вызвать такси, заказать яндекс такси, яндекс такси заказать, такси до аэропорта, такси недорого, дешёвое такси, дешевое такси, яндекс го, яндекс еда, яндекс лавка, яндекс маркет, доставка еды, курьер, курьером, пеший курьер, вакансия, вакансии, вакансия водитель, вакансия в яндексе, работа в яндексе, работа в офисе яндекс, hh, хедхантер, авито работа, суперджоб, работа диспетчером, диспетчер такси, оператор такси, менеджер таксопарка, скачать, скачать яндекс про, приложение яндекс про, установить яндекс про, apk, взлом, мод, бесплатно скачать, аренда авто под такси, аренда машины под такси, снять авто под такси, работа без авто, водитель без авто, авто под ключ такси, лизинг авто такси, каршеринг, uber, убер, ситимобил, gett, грузовое такси, газель, грузчики, переезд, автошкола, обучение на права, сдать на права, лишение прав, штраф гибдд, гибдд, франшиза такси, франшиза таксопарка, открыть таксопарк, без гражданства, иностранный водитель, работа такси для иностранцев, студентам, школьник, торрент, трудовой договор;RUB;-;Комбинаторное;;Парковый самозанятый;7;;"""парк для самозанятых водителей""";;;;;;;;;;;;;;Россия;55;;;;;трудовой договор, без самозанятости, без ип, курьер, доставка, заказать такси;p2_samozanyatyj
П2_Поиск_Самозанятый;Единая перфоманс-кампания;заказать такси, вызвать такси, заказать яндекс такси, яндекс такси заказать, такси до аэропорта, такси недорого, дешёвое такси, дешевое такси, яндекс го, яндекс еда, яндекс лавка, яндекс маркет, доставка еды, курьер, курьером, пеший курьер, вакансия, вакансии, вакансия водитель, вакансия в яндексе, работа в яндексе, работа в офисе яндекс, hh, хедхантер, авито работа, суперджоб, работа диспетчером, диспетчер такси, оператор такси, менеджер таксопарка, скачать, скачать яндекс про, приложение яндекс про, установить яндекс про, apk, взлом, мод, бесплатно скачать, аренда авто под такси, аренда машины под такси, снять авто под такси, работа без авто, водитель без авто, авто под ключ такси, лизинг авто такси, каршеринг, uber, убер, ситимобил, gett, грузовое такси, газель, грузчики, переезд, автошкола, обучение на права, сдать на права, лишение прав, штраф гибдд, гибдд, франшиза такси, франшиза таксопарка, открыть таксопарк, без гражданства, иностранный водитель, работа такси для иностранцев, студентам, школьник, торрент, трудовой договор;RUB;-;Комбинаторное;;Парковый самозанятый;7;;"""низкая комиссия таксопарк самозанятый""";;;;;;;;;;;;;;Россия;55;;;;;трудовой договор, без самозанятости, без ип, курьер, доставка, заказать такси;p2_samozanyatyj
П2_Поиск_Самозанятый;Единая перфоманс-кампания;заказать такси, вызвать такси, заказать яндекс такси, яндекс такси заказать, такси до аэропорта, такси недорого, дешёвое такси, дешевое такси, яндекс го, яндекс еда, яндекс лавка, яндекс маркет, доставка еды, курьер, курьером, пеший курьер, вакансия, вакансии, вакансия водитель, вакансия в яндексе, работа в яндексе, работа в офисе яндекс, hh, хедхантер, авито работа, суперджоб, работа диспетчером, диспетчер такси, оператор такси, менеджер таксопарка, скачать, скачать яндекс про, приложение яндекс про, установить яндекс про, apk, взлом, мод, бесплатно скачать, аренда авто под такси, аренда машины под такси, снять авто под такси, работа без авто, водитель без авто, авто под ключ такси, лизинг авто такси, каршеринг, uber, убер, ситимобил, gett, грузовое такси, газель, грузчики, переезд, автошкола, обучение на права, сдать на права, лишение прав, штраф гибдд, гибдд, франшиза такси, франшиза таксопарка, открыть таксопарк, без гражданства, иностранный водитель, работа такси для иностранцев, студентам, школьник, торрент, трудовой договор;RUB;-;Комбинаторное;;Парковый самозанятый;7;;"""самозанятый водитель такси подключить""";;;;;;;;;;;;;;Россия;55;;;;;трудовой договор, без самозанятости, без ип, курьер, доставка, заказать такси;p2_samozanyatyj
П2_Поиск_Самозанятый;Единая перфоманс-кампания;заказать такси, вызвать такси, заказать яндекс такси, яндекс такси заказать, такси до аэропорта, такси недорого, дешёвое такси, дешевое такси, яндекс го, яндекс еда, яндекс лавка, яндекс маркет, доставка еды, курьер, курьером, пеший курьер, вакансия, вакансии, вакансия водитель, вакансия в яндексе, работа в яндексе, работа в офисе яндекс, hh, хедхантер, авито работа, суперджоб, работа диспетчером, диспетчер такси, оператор такси, менеджер таксопарка, скачать, скачать яндекс про, приложение яндекс про, установить яндекс про, apk, взлом, мод, бесплатно скачать, аренда авто под такси, аренда машины под такси, снять авто под такси, работа без авто, водитель без авто, авто под ключ такси, лизинг авто такси, каршеринг, uber, убер, ситимобил, gett, грузовое такси, газель, грузчики, переезд, автошкола, обучение на права, сдать на права, лишение прав, штраф гибдд, гибдд, франшиза такси, франшиза таксопарка, открыть таксопарк, без гражданства, иностранный водитель, работа такси для иностранцев, студентам, школьник, торрент, трудовой договор;RUB;-;Комбинаторное;;Парковый самозанятый;7;;"""моментальный вывод самозанятый такси""";;;;;;;;;;;;;;Россия;55;;;;;трудовой договор, без самозанятости, без ип, курьер, доставка, заказать такси;p2_samozanyatyj
П1_Поиск_Подключение;Единая перфоманс-кампания;заказать такси, вызвать такси, заказать яндекс такси, яндекс такси заказать, такси до аэропорта, такси недорого, дешёвое такси, дешевое такси, яндекс го, яндекс еда, яндекс лавка, яндекс маркет, доставка еды, курьер, курьером, пеший курьер, вакансия, вакансии, вакансия водитель, вакансия в яндексе, работа в яндексе, работа в офисе яндекс, hh, хедхантер, авито работа, суперджоб, работа диспетчером, диспетчер такси, оператор такси, менеджер таксопарка, скачать, скачать яндекс про, приложение яндекс про, установить яндекс про, apk, взлом, мод, бесплатно скачать, аренда авто под такси, аренда машины под такси, снять авто под такси, работа без авто, водитель без авто, авто под ключ такси, лизинг авто такси, каршеринг, uber, убер, ситимобил, gett, грузовое такси, газель, грузчики, переезд, автошкола, обучение на права, сдать на права, лишение прав, штраф гибдд, гибдд, франшиза такси, франшиза таксопарка, открыть таксопарк, без гражданства, иностранный водитель, работа такси для иностранцев, студентам, школьник, торрент;RUB;-;Комбинаторное;;Подключение Яндекс Такси;8;;"""подключение к яндекс такси""";;Подключить Яндекс Такси через парк;Таксопарк Армада, комиссия от 1,9%;Удалённое подключение по России;Самозанятый, ИП или трудовой;Активация аккаунта 10–15 минут;Сменить парк Яндекс Такси;Подключение к Яндекс Про парком;Подключаем к Яндекс Такси удалённо по России;Комиссия парка от 1,9%. Активация 10–15 минут;Выберите СМЗ, ИП или трудовой договор на сайте;https://park-armada.ru/taxi/?utm_source=yandex&utm_medium=cpc&utm_campaign=p1_podklyuchenie&utm_content={ad_id}&utm_term={keyword}#formats;taxi;Россия;50;Трудовой договор||Самозанятый 1,9%||Доставка||Лицензия ФГИС;Без СМЗ и ИП, 3 тарифа||Парковый СМЗ, такси||Курьер Яндекс Доставка||Реестр такси 3500₽ / 5 лет;https://park-armada.ru/trudovoj-dogovor/?utm_source=yandex&utm_medium=cpc&utm_campaign=sitelink_labor&utm_content={ad_id}&utm_term={keyword}||https://park-armada.ru/taxi/?utm_source=yandex&utm_medium=cpc&utm_campaign=sitelink_smz&utm_content={ad_id}&utm_term={keyword}#formats||https://park-armada.ru/delivery/?utm_source=yandex&utm_medium=cpc&utm_campaign=sitelink_delivery&utm_content={ad_id}&utm_term={keyword}#courier-tariffs||https://park-armada.ru/license/?utm_source=yandex&utm_medium=cpc&utm_campaign=sitelink_license&utm_content={ad_id}&utm_term={keyword};Комиссия парка от 1,9%||Активация 10–15 минут||Удалённо по России||СМЗ, ИП или трудовой;трудовой договор, без самозанятости, курьер;p1_podklyuchenie
П1_Поиск_Подключение;Единая перфоманс-кампания;заказать такси, вызвать такси, заказать яндекс такси, яндекс такси заказать, такси до аэропорта, такси недорого, дешёвое такси, дешевое такси, яндекс го, яндекс еда, яндекс лавка, яндекс маркет, доставка еды, курьер, курьером, пеший курьер, вакансия, вакансии, вакансия водитель, вакансия в яндексе, работа в яндексе, работа в офисе яндекс, hh, хедхантер, авито работа, суперджоб, работа диспетчером, диспетчер такси, оператор такси, менеджер таксопарка, скачать, скачать яндекс про, приложение яндекс про, установить яндекс про, apk, взлом, мод, бесплатно скачать, аренда авто под такси, аренда машины под такси, снять авто под такси, работа без авто, водитель без авто, авто под ключ такси, лизинг авто такси, каршеринг, uber, убер, ситимобил, gett, грузовое такси, газель, грузчики, переезд, автошкола, обучение на права, сдать на права, лишение прав, штраф гибдд, гибдд, франшиза такси, франшиза таксопарка, открыть таксопарк, без гражданства, иностранный водитель, работа такси для иностранцев, студентам, школьник, торрент;RUB;-;Комбинаторное;;Подключение Яндекс Такси;8;;"""подключить яндекс такси""";;;;;;;;;;;;;;Россия;50;;;;;трудовой договор, без самозанятости, курьер;p1_podklyuchenie
П1_Поиск_Подключение;Единая перфоманс-кампания;заказать такси, вызвать такси, заказать яндекс такси, яндекс такси заказать, такси до аэропорта, такси недорого, дешёвое такси, дешевое такси, яндекс го, яндекс еда, яндекс лавка, яндекс маркет, доставка еды, курьер, курьером, пеший курьер, вакансия, вакансии, вакансия водитель, вакансия в яндексе, работа в яндексе, работа в офисе яндекс, hh, хедхантер, авито работа, суперджоб, работа диспетчером, диспетчер такси, оператор такси, менеджер таксопарка, скачать, скачать яндекс про, приложение яндекс про, установить яндекс про, apk, взлом, мод, бесплатно скачать, аренда авто под такси, аренда машины под такси, снять авто под такси, работа без авто, водитель без авто, авто под ключ такси, лизинг авто такси, каршеринг, uber, убер, ситимобил, gett, грузовое такси, газель, грузчики, переезд, автошкола, обучение на права, сдать на права, лишение прав, штраф гибдд, гибдд, франшиза такси, франшиза таксопарка, открыть таксопарк, без гражданства, иностранный водитель, работа такси для иностранцев, студентам, школьник, торрент;RUB;-;Комбинаторное;;Подключение Яндекс Такси;8;;"""подключить водителя к яндекс такси""";;;;;;;;;;;;;;Россия;50;;;;;трудовой договор, без самозанятости, курьер;p1_podklyuchenie
П1_Поиск_Подключение;Единая перфоманс-кампания;заказать такси, вызвать такси, заказать яндекс такси, яндекс такси заказать, такси до аэропорта, такси недорого, дешёвое такси, дешевое такси, яндекс го, яндекс еда, яндекс лавка, яндекс маркет, доставка еды, курьер, курьером, пеший курьер, вакансия, вакансии, вакансия водитель, вакансия в яндексе, работа в яндексе, работа в офисе яндекс, hh, хедхантер, авито работа, суперджоб, работа диспетчером, диспетчер такси, оператор такси, менеджер таксопарка, скачать, скачать яндекс про, приложение яндекс про, установить яндекс про, apk, взлом, мод, бесплатно скачать, аренда авто под такси, аренда машины под такси, снять авто под такси, работа без авто, водитель без авто, авто под ключ такси, лизинг авто такси, каршеринг, uber, убер, ситимобил, gett, грузовое такси, газель, грузчики, переезд, автошкола, обучение на права, сдать на права, лишение прав, штраф гибдд, гибдд, франшиза такси, франшиза таксопарка, открыть таксопарк, без гражданства, иностранный водитель, работа такси для иностранцев, студентам, школьник, торрент;RUB;-;Комбинаторное;;Подключение Яндекс Такси;8;;"""как подключиться к яндекс такси""";;;;;;;;;;;;;;Россия;50;;;;;трудовой договор, без самозанятости, курьер;p1_podklyuchenie
П1_Поиск_Подключение;Единая перфоманс-кампания;заказать такси, вызвать такси, заказать яндекс такси, яндекс такси заказать, такси до аэропорта, такси недорого, дешёвое такси, дешевое такси, яндекс го, яндекс еда, яндекс лавка, яндекс маркет, доставка еды, курьер, курьером, пеший курьер, вакансия, вакансии, вакансия водитель, вакансия в яндексе, работа в яндексе, работа в офисе яндекс, hh, хедхантер, авито работа, суперджоб, работа диспетчером, диспетчер такси, оператор такси, менеджер таксопарка, скачать, скачать яндекс про, приложение яндекс про, установить яндекс про, apk, взлом, мод, бесплатно скачать, аренда авто под такси, аренда машины под такси, снять авто под такси, работа без авто, водитель без авто, авто под ключ такси, лизинг авто такси, каршеринг, uber, убер, ситимобил, gett, грузовое такси, газель, грузчики, переезд, автошкола, обучение на права, сдать на права, лишение прав, штраф гибдд, гибдд, франшиза такси, франшиза таксопарка, открыть таксопарк, без гражданства, иностранный водитель, работа такси для иностранцев, студентам, школьник, торрент;RUB;-;Комбинаторное;;Подключение Яндекс Такси;8;;"""регистрация в яндекс такси водитель""";;;;;;;;;;;;;;Россия;50;;;;;трудовой договор, без самозанятости, курьер;p1_podklyuchenie
П1_Поиск_Подключение;Единая перфоманс-кампания;заказать такси, вызвать такси, заказать яндекс такси, яндекс такси заказать, такси до аэропорта, такси недорого, дешёвое такси, дешевое такси, яндекс го, яндекс еда, яндекс лавка, яндекс маркет, доставка еды, курьер, курьером, пеший курьер, вакансия, вакансии, вакансия водитель, вакансия в яндексе, работа в яндексе, работа в офисе яндекс, hh, хедхантер, авито работа, суперджоб, работа диспетчером, диспетчер такси, оператор такси, менеджер таксопарка, скачать, скачать яндекс про, приложение яндекс про, установить яндекс про, apk, взлом, мод, бесплатно скачать, аренда авто под такси, аренда машины под такси, снять авто под такси, работа без авто, водитель без авто, авто под ключ такси, лизинг авто такси, каршеринг, uber, убер, ситимобил, gett, грузовое такси, газель, грузчики, переезд, автошкола, обучение на права, сдать на права, лишение прав, штраф гибдд, гибдд, франшиза такси, франшиза таксопарка, открыть таксопарк, без гражданства, иностранный водитель, работа такси для иностранцев, студентам, школьник, торрент;RUB;-;Комбинаторное;;Подключение Яндекс Такси;8;;"""оформление в яндекс такси""";;;;;;;;;;;;;;Россия;50;;;;;трудовой договор, без самозанятости, курьер;p1_podklyuchenie
П1_Поиск_Подключение;Единая перфоманс-кампания;заказать такси, вызвать такси, заказать яндекс такси, яндекс такси заказать, такси до аэропорта, такси недорого, дешёвое такси, дешевое такси, яндекс го, яндекс еда, яндекс лавка, яндекс маркет, доставка еды, курьер, курьером, пеший курьер, вакансия, вакансии, вакансия водитель, вакансия в яндексе, работа в яндексе, работа в офисе яндекс, hh, хедхантер, авито работа, суперджоб, работа диспетчером, диспетчер такси, оператор такси, менеджер таксопарка, скачать, скачать яндекс про, приложение яндекс про, установить яндекс про, apk, взлом, мод, бесплатно скачать, аренда авто под такси, аренда машины под такси, снять авто под такси, работа без авто, водитель без авто, авто под ключ такси, лизинг авто такси, каршеринг, uber, убер, ситимобил, gett, грузовое такси, газель, грузчики, переезд, автошкола, обучение на права, сдать на права, лишение прав, штраф гибдд, гибдд, франшиза такси, франшиза таксопарка, открыть таксопарк, без гражданства, иностранный водитель, работа такси для иностранцев, студентам, школьник, торрент;RUB;-;Комбинаторное;;Подключение Яндекс Такси;8;;"""подключение к яндекс про""";;;;;;;;;;;;;;Россия;50;;;;;трудовой договор, без самозанятости, курьер;p1_podklyuchenie
П1_Поиск_Подключение;Единая перфоманс-кампания;заказать такси, вызвать такси, заказать яндекс такси, яндекс такси заказать, такси до аэропорта, такси недорого, дешёвое такси, дешевое такси, яндекс го, яндекс еда, яндекс лавка, яндекс маркет, доставка еды, курьер, курьером, пеший курьер, вакансия, вакансии, вакансия водитель, вакансия в яндексе, работа в яндексе, работа в офисе яндекс, hh, хедхантер, авито работа, суперджоб, работа диспетчером, диспетчер такси, оператор такси, менеджер таксопарка, скачать, скачать яндекс про, приложение яндекс про, установить яндекс про, apk, взлом, мод, бесплатно скачать, аренда авто под такси, аренда машины под такси, снять авто под такси, работа без авто, водитель без авто, авто под ключ такси, лизинг авто такси, каршеринг, uber, убер, ситимобил, gett, грузовое такси, газель, грузчики, переезд, автошкола, обучение на права, сдать на права, лишение прав, штраф гибдд, гибдд, франшиза такси, франшиза таксопарка, открыть таксопарк, без гражданства, иностранный водитель, работа такси для иностранцев, студентам, школьник, торрент;RUB;-;Комбинаторное;;Подключение Яндекс Такси;8;;"""стать водителем яндекс такси""";;;;;;;;;;;;;;Россия;50;;;;;трудовой договор, без самозанятости, курьер;p1_podklyuchenie
П1_Поиск_Подключение;Единая перфоманс-кампания;заказать такси, вызвать такси, заказать яндекс такси, яндекс такси заказать, такси до аэропорта, такси недорого, дешёвое такси, дешевое такси, яндекс го, яндекс еда, яндекс лавка, яндекс маркет, доставка еды, курьер, курьером, пеший курьер, вакансия, вакансии, вакансия водитель, вакансия в яндексе, работа в яндексе, работа в офисе яндекс, hh, хедхантер, авито работа, суперджоб, работа диспетчером, диспетчер такси, оператор такси, менеджер таксопарка, скачать, скачать яндекс про, приложение яндекс про, установить яндекс про, apk, взлом, мод, бесплатно скачать, аренда авто под такси, аренда машины под такси, снять авто под такси, работа без авто, водитель без авто, авто под ключ такси, лизинг авто такси, каршеринг, uber, убер, ситимобил, gett, грузовое такси, газель, грузчики, переезд, автошкола, обучение на права, сдать на права, лишение прав, штраф гибдд, гибдд, франшиза такси, франшиза таксопарка, открыть таксопарк, без гражданства, иностранный водитель, работа такси для иностранцев, студентам, школьник, торрент;RUB;-;Комбинаторное;;Подключение Яндекс Такси;8;;"""работа в яндекс такси на своем авто""";;;;;;;;;;;;;;Россия;50;;;;;трудовой договор, без самозанятости, курьер;p1_podklyuchenie
П1_Поиск_Подключение;Единая перфоманс-кампания;заказать такси, вызвать такси, заказать яндекс такси, яндекс такси заказать, такси до аэропорта, такси недорого, дешёвое такси, дешевое такси, яндекс го, яндекс еда, яндекс лавка, яндекс маркет, доставка еды, курьер, курьером, пеший курьер, вакансия, вакансии, вакансия водитель, вакансия в яндексе, работа в яндексе, работа в офисе яндекс, hh, хедхантер, авито работа, суперджоб, работа диспетчером, диспетчер такси, оператор такси, менеджер таксопарка, скачать, скачать яндекс про, приложение яндекс про, установить яндекс про, apk, взлом, мод, бесплатно скачать, аренда авто под такси, аренда машины под такси, снять авто под такси, работа без авто, водитель без авто, авто под ключ такси, лизинг авто такси, каршеринг, uber, убер, ситимобил, gett, грузовое такси, газель, грузчики, переезд, автошкола, обучение на права, сдать на права, лишение прав, штраф гибдд, гибдд, франшиза такси, франшиза таксопарка, открыть таксопарк, без гражданства, иностранный водитель, работа такси для иностранцев, студентам, школьник, торрент;RUB;-;Комбинаторное;;Подключение Яндекс Такси;8;;"""яндекс такси подключение парк""";;;;;;;;;;;;;;Россия;50;;;;;трудовой договор, без самозанятости, курьер;p1_podklyuchenie
П1_Поиск_Подключение;Единая перфоманс-кампания;заказать такси, вызвать такси, заказать яндекс такси, яндекс такси заказать, такси до аэропорта, такси недорого, дешёвое такси, дешевое такси, яндекс го, яндекс еда, яндекс лавка, яндекс маркет, доставка еды, курьер, курьером, пеший курьер, вакансия, вакансии, вакансия водитель, вакансия в яндексе, работа в яндексе, работа в офисе яндекс, hh, хедхантер, авито работа, суперджоб, работа диспетчером, диспетчер такси, оператор такси, менеджер таксопарка, скачать, скачать яндекс про, приложение яндекс про, установить яндекс про, apk, взлом, мод, бесплатно скачать, аренда авто под такси, аренда машины под такси, снять авто под такси, работа без авто, водитель без авто, авто под ключ такси, лизинг авто такси, каршеринг, uber, убер, ситимобил, gett, грузовое такси, газель, грузчики, переезд, автошкола, обучение на права, сдать на права, лишение прав, штраф гибдд, гибдд, франшиза такси, франшиза таксопарка, открыть таксопарк, без гражданства, иностранный водитель, работа такси для иностранцев, студентам, школьник, торрент;RUB;-;Комбинаторное;;Подключение Яндекс Такси;8;;"""удалённое подключение яндекс такси""";;;;;;;;;;;;;;Россия;50;;;;;трудовой договор, без самозанятости, курьер;p1_podklyuchenie
П1_Поиск_Подключение;Единая перфоманс-кампания;заказать такси, вызвать такси, заказать яндекс такси, яндекс такси заказать, такси до аэропорта, такси недорого, дешёвое такси, дешевое такси, яндекс го, яндекс еда, яндекс лавка, яндекс маркет, доставка еды, курьер, курьером, пеший курьер, вакансия, вакансии, вакансия водитель, вакансия в яндексе, работа в яндексе, работа в офисе яндекс, hh, хедхантер, авито работа, суперджоб, работа диспетчером, диспетчер такси, оператор такси, менеджер таксопарка, скачать, скачать яндекс про, приложение яндекс про, установить яндекс про, apk, взлом, мод, бесплатно скачать, аренда авто под такси, аренда машины под такси, снять авто под такси, работа без авто, водитель без авто, авто под ключ такси, лизинг авто такси, каршеринг, uber, убер, ситимобил, gett, грузовое такси, газель, грузчики, переезд, автошкола, обучение на права, сдать на права, лишение прав, штраф гибдд, гибдд, франшиза такси, франшиза таксопарка, открыть таксопарк, без гражданства, иностранный водитель, работа такси для иностранцев, студентам, школьник, торрент;RUB;-;Комбинаторное;;Подключение Яндекс Такси;8;;"""подключить яндекс такси онлайн""";;;;;;;;;;;;;;Россия;50;;;;;трудовой договор, без самозанятости, курьер;p1_podklyuchenie
П1_Поиск_Подключение;Единая перфоманс-кампания;заказать такси, вызвать такси, заказать яндекс такси, яндекс такси заказать, такси до аэропорта, такси недорого, дешёвое такси, дешевое такси, яндекс го, яндекс еда, яндекс лавка, яндекс маркет, доставка еды, курьер, курьером, пеший курьер, вакансия, вакансии, вакансия водитель, вакансия в яндексе, работа в яндексе, работа в офисе яндекс, hh, хедхантер, авито работа, суперджоб, работа диспетчером, диспетчер такси, оператор такси, менеджер таксопарка, скачать, скачать яндекс про, приложение яндекс про, установить яндекс про, apk, взлом, мод, бесплатно скачать, аренда авто под такси, аренда машины под такси, снять авто под такси, работа без авто, водитель без авто, авто под ключ такси, лизинг авто такси, каршеринг, uber, убер, ситимобил, gett, грузовое такси, газель, грузчики, переезд, автошкола, обучение на права, сдать на права, лишение прав, штраф гибдд, гибдд, франшиза такси, франшиза таксопарка, открыть таксопарк, без гражданства, иностранный водитель, работа такси для иностранцев, студентам, школьник, торрент;RUB;-;Комбинаторное;;Таксопарк;9;;"""таксопарк для яндекс такси""";;Подключить Яндекс Такси через парк;Таксопарк Армада, комиссия от 1,9%;Удалённое подключение по России;Самозанятый, ИП или трудовой;Активация аккаунта 10–15 минут;Сменить парк Яндекс Такси;Подключение к Яндекс Про парком;Подключаем к Яндекс Такси удалённо по России;Комиссия парка от 1,9%. Активация 10–15 минут;Выберите СМЗ, ИП или трудовой договор на сайте;https://park-armada.ru/taxi/?utm_source=yandex&utm_medium=cpc&utm_campaign=p1_podklyuchenie&utm_content={ad_id}&utm_term={keyword}#formats;taxi;Россия;50;Трудовой договор||Самозанятый 1,9%||Доставка||Лицензия ФГИС;Без СМЗ и ИП, 3 тарифа||Парковый СМЗ, такси||Курьер Яндекс Доставка||Реестр такси 3500₽ / 5 лет;https://park-armada.ru/trudovoj-dogovor/?utm_source=yandex&utm_medium=cpc&utm_campaign=sitelink_labor&utm_content={ad_id}&utm_term={keyword}||https://park-armada.ru/taxi/?utm_source=yandex&utm_medium=cpc&utm_campaign=sitelink_smz&utm_content={ad_id}&utm_term={keyword}#formats||https://park-armada.ru/delivery/?utm_source=yandex&utm_medium=cpc&utm_campaign=sitelink_delivery&utm_content={ad_id}&utm_term={keyword}#courier-tariffs||https://park-armada.ru/license/?utm_source=yandex&utm_medium=cpc&utm_campaign=sitelink_license&utm_content={ad_id}&utm_term={keyword};Комиссия парка от 1,9%||Активация 10–15 минут||Удалённо по России||СМЗ, ИП или трудовой;трудовой договор, без самозанятости, курьер;p1_podklyuchenie
П1_Поиск_Подключение;Единая перфоманс-кампания;заказать такси, вызвать такси, заказать яндекс такси, яндекс такси заказать, такси до аэропорта, такси недорого, дешёвое такси, дешевое такси, яндекс го, яндекс еда, яндекс лавка, яндекс маркет, доставка еды, курьер, курьером, пеший курьер, вакансия, вакансии, вакансия водитель, вакансия в яндексе, работа в яндексе, работа в офисе яндекс, hh, хедхантер, авито работа, суперджоб, работа диспетчером, диспетчер такси, оператор такси, менеджер таксопарка, скачать, скачать яндекс про, приложение яндекс про, установить яндекс про, apk, взлом, мод, бесплатно скачать, аренда авто под такси, аренда машины под такси, снять авто под такси, работа без авто, водитель без авто, авто под ключ такси, лизинг авто такси, каршеринг, uber, убер, ситимобил, gett, грузовое такси, газель, грузчики, переезд, автошкола, обучение на права, сдать на права, лишение прав, штраф гибдд, гибдд, франшиза такси, франшиза таксопарка, открыть таксопарк, без гражданства, иностранный водитель, работа такси для иностранцев, студентам, школьник, торрент;RUB;-;Комбинаторное;;Таксопарк;9;;"""таксопарк яндекс такси подключить""";;;;;;;;;;;;;;Россия;50;;;;;трудовой договор, без самозанятости, курьер;p1_podklyuchenie
П1_Поиск_Подключение;Единая перфоманс-кампания;заказать такси, вызвать такси, заказать яндекс такси, яндекс такси заказать, такси до аэропорта, такси недорого, дешёвое такси, дешевое такси, яндекс го, яндекс еда, яндекс лавка, яндекс маркет, доставка еды, курьер, курьером, пеший курьер, вакансия, вакансии, вакансия водитель, вакансия в яндексе, работа в яндексе, работа в офисе яндекс, hh, хедхантер, авито работа, суперджоб, работа диспетчером, диспетчер такси, оператор такси, менеджер таксопарка, скачать, скачать яндекс про, приложение яндекс про, установить яндекс про, apk, взлом, мод, бесплатно скачать, аренда авто под такси, аренда машины под такси, снять авто под такси, работа без авто, водитель без авто, авто под ключ такси, лизинг авто такси, каршеринг, uber, убер, ситимобил, gett, грузовое такси, газель, грузчики, переезд, автошкола, обучение на права, сдать на права, лишение прав, штраф гибдд, гибдд, франшиза такси, франшиза таксопарка, открыть таксопарк, без гражданства, иностранный водитель, работа такси для иностранцев, студентам, школьник, торрент;RUB;-;Комбинаторное;;Таксопарк;9;;"""партнер яндекс такси для водителей""";;;;;;;;;;;;;;Россия;50;;;;;трудовой договор, без самозанятости, курьер;p1_podklyuchenie
П1_Поиск_Подключение;Единая перфоманс-кампания;заказать такси, вызвать такси, заказать яндекс такси, яндекс такси заказать, такси до аэропорта, такси недорого, дешёвое такси, дешевое такси, яндекс го, яндекс еда, яндекс лавка, яндекс маркет, доставка еды, курьер, курьером, пеший курьер, вакансия, вакансии, вакансия водитель, вакансия в яндексе, работа в яндексе, работа в офисе яндекс, hh, хедхантер, авито работа, суперджоб, работа диспетчером, диспетчер такси, оператор такси, менеджер таксопарка, скачать, скачать яндекс про, приложение яндекс про, установить яндекс про, apk, взлом, мод, бесплатно скачать, аренда авто под такси, аренда машины под такси, снять авто под такси, работа без авто, водитель без авто, авто под ключ такси, лизинг авто такси, каршеринг, uber, убер, ситимобил, gett, грузовое такси, газель, грузчики, переезд, автошкола, обучение на права, сдать на права, лишение прав, штраф гибдд, гибдд, франшиза такси, франшиза таксопарка, открыть таксопарк, без гражданства, иностранный водитель, работа такси для иностранцев, студентам, школьник, торрент;RUB;-;Комбинаторное;;Таксопарк;9;;"""подключиться к яндекс такси через парк""";;;;;;;;;;;;;;Россия;50;;;;;трудовой договор, без самозанятости, курьер;p1_podklyuchenie
П1_Поиск_Подключение;Единая перфоманс-кампания;заказать такси, вызвать такси, заказать яндекс такси, яндекс такси заказать, такси до аэропорта, такси недорого, дешёвое такси, дешевое такси, яндекс го, яндекс еда, яндекс лавка, яндекс маркет, доставка еды, курьер, курьером, пеший курьер, вакансия, вакансии, вакансия водитель, вакансия в яндексе, работа в яндексе, работа в офисе яндекс, hh, хедхантер, авито работа, суперджоб, работа диспетчером, диспетчер такси, оператор такси, менеджер таксопарка, скачать, скачать яндекс про, приложение яндекс про, установить яндекс про, apk, взлом, мод, бесплатно скачать, аренда авто под такси, аренда машины под такси, снять авто под такси, работа без авто, водитель без авто, авто под ключ такси, лизинг авто такси, каршеринг, uber, убер, ситимобил, gett, грузовое такси, газель, грузчики, переезд, автошкола, обучение на права, сдать на права, лишение прав, штраф гибдд, гибдд, франшиза такси, франшиза таксопарка, открыть таксопарк, без гражданства, иностранный водитель, работа такси для иностранцев, студентам, школьник, торрент;RUB;-;Комбинаторное;;Таксопарк;9;;"""лучший таксопарк яндекс такси""";;;;;;;;;;;;;;Россия;50;;;;;трудовой договор, без самозанятости, курьер;p1_podklyuchenie
П1_Поиск_Подключение;Единая перфоманс-кампания;заказать такси, вызвать такси, заказать яндекс такси, яндекс такси заказать, такси до аэропорта, такси недорого, дешёвое такси, дешевое такси, яндекс го, яндекс еда, яндекс лавка, яндекс маркет, доставка еды, курьер, курьером, пеший курьер, вакансия, вакансии, вакансия водитель, вакансия в яндексе, работа в яндексе, работа в офисе яндекс, hh, хедхантер, авито работа, суперджоб, работа диспетчером, диспетчер такси, оператор такси, менеджер таксопарка, скачать, скачать яндекс про, приложение яндекс про, установить яндекс про, apk, взлом, мод, бесплатно скачать, аренда авто под такси, аренда машины под такси, снять авто под такси, работа без авто, водитель без авто, авто под ключ такси, лизинг авто такси, каршеринг, uber, убер, ситимобил, gett, грузовое такси, газель, грузчики, переезд, автошкола, обучение на права, сдать на права, лишение прав, штраф гибдд, гибдд, франшиза такси, франшиза таксопарка, открыть таксопарк, без гражданства, иностранный водитель, работа такси для иностранцев, студентам, школьник, торрент;RUB;-;Комбинаторное;;Комиссия парка;10;;"""комиссия таксопарка яндекс""";;Подключить Яндекс Такси через парк;Таксопарк Армада, комиссия от 1,9%;Удалённое подключение по России;Самозанятый, ИП или трудовой;Активация аккаунта 10–15 минут;Сменить парк Яндекс Такси;Подключение к Яндекс Про парком;Подключаем к Яндекс Такси удалённо по России;Комиссия парка от 1,9%. Активация 10–15 минут;Выберите СМЗ, ИП или трудовой договор на сайте;https://park-armada.ru/taxi/?utm_source=yandex&utm_medium=cpc&utm_campaign=p1_podklyuchenie&utm_content={ad_id}&utm_term={keyword}#formats;taxi;Россия;50;Трудовой договор||Самозанятый 1,9%||Доставка||Лицензия ФГИС;Без СМЗ и ИП, 3 тарифа||Парковый СМЗ, такси||Курьер Яндекс Доставка||Реестр такси 3500₽ / 5 лет;https://park-armada.ru/trudovoj-dogovor/?utm_source=yandex&utm_medium=cpc&utm_campaign=sitelink_labor&utm_content={ad_id}&utm_term={keyword}||https://park-armada.ru/taxi/?utm_source=yandex&utm_medium=cpc&utm_campaign=sitelink_smz&utm_content={ad_id}&utm_term={keyword}#formats||https://park-armada.ru/delivery/?utm_source=yandex&utm_medium=cpc&utm_campaign=sitelink_delivery&utm_content={ad_id}&utm_term={keyword}#courier-tariffs||https://park-armada.ru/license/?utm_source=yandex&utm_medium=cpc&utm_campaign=sitelink_license&utm_content={ad_id}&utm_term={keyword};Комиссия парка от 1,9%||Активация 10–15 минут||Удалённо по России||СМЗ, ИП или трудовой;трудовой договор, без самозанятости, курьер;p1_podklyuchenie
П1_Поиск_Подключение;Единая перфоманс-кампания;заказать такси, вызвать такси, заказать яндекс такси, яндекс такси заказать, такси до аэропорта, такси недорого, дешёвое такси, дешевое такси, яндекс го, яндекс еда, яндекс лавка, яндекс маркет, доставка еды, курьер, курьером, пеший курьер, вакансия, вакансии, вакансия водитель, вакансия в яндексе, работа в яндексе, работа в офисе яндекс, hh, хедхантер, авито работа, суперджоб, работа диспетчером, диспетчер такси, оператор такси, менеджер таксопарка, скачать, скачать яндекс про, приложение яндекс про, установить яндекс про, apk, взлом, мод, бесплатно скачать, аренда авто под такси, аренда машины под такси, снять авто под такси, работа без авто, водитель без авто, авто под ключ такси, лизинг авто такси, каршеринг, uber, убер, ситимобил, gett, грузовое такси, газель, грузчики, переезд, автошкола, обучение на права, сдать на права, лишение прав, штраф гибдд, гибдд, франшиза такси, франшиза таксопарка, открыть таксопарк, без гражданства, иностранный водитель, работа такси для иностранцев, студентам, школьник, торрент;RUB;-;Комбинаторное;;Комиссия парка;10;;"""низкая комиссия таксопарк""";;;;;;;;;;;;;;Россия;50;;;;;трудовой договор, без самозанятости, курьер;p1_podklyuchenie
П1_Поиск_Подключение;Единая перфоманс-кампания;заказать такси, вызвать такси, заказать яндекс такси, яндекс такси заказать, такси до аэропорта, такси недорого, дешёвое такси, дешевое такси, яндекс го, яндекс еда, яндекс лавка, яндекс маркет, доставка еды, курьер, курьером, пеший курьер, вакансия, вакансии, вакансия водитель, вакансия в яндексе, работа в яндексе, работа в офисе яндекс, hh, хедхантер, авито работа, суперджоб, работа диспетчером, диспетчер такси, оператор такси, менеджер таксопарка, скачать, скачать яндекс про, приложение яндекс про, установить яндекс про, apk, взлом, мод, бесплатно скачать, аренда авто под такси, аренда машины под такси, снять авто под такси, работа без авто, водитель без авто, авто под ключ такси, лизинг авто такси, каршеринг, uber, убер, ситимобил, gett, грузовое такси, газель, грузчики, переезд, автошкола, обучение на права, сдать на права, лишение прав, штраф гибдд, гибдд, франшиза такси, франшиза таксопарка, открыть таксопарк, без гражданства, иностранный водитель, работа такси для иностранцев, студентам, школьник, торрент;RUB;-;Комбинаторное;;Комиссия парка;10;;"""таксопарк комиссия 1.9""";;;;;;;;;;;;;;Россия;50;;;;;трудовой договор, без самозанятости, курьер;p1_podklyuchenie
П1_Поиск_Подключение;Единая перфоманс-кампания;заказать такси, вызвать такси, заказать яндекс такси, яндекс такси заказать, такси до аэропорта, такси недорого, дешёвое такси, дешевое такси, яндекс го, яндекс еда, яндекс лавка, яндекс маркет, доставка еды, курьер, курьером, пеший курьер, вакансия, вакансии, вакансия водитель, вакансия в яндексе, работа в яндексе, работа в офисе яндекс, hh, хедхантер, авито работа, суперджоб, работа диспетчером, диспетчер такси, оператор такси, менеджер таксопарка, скачать, скачать яндекс про, приложение яндекс про, установить яндекс про, apk, взлом, мод, бесплатно скачать, аренда авто под такси, аренда машины под такси, снять авто под такси, работа без авто, водитель без авто, авто под ключ такси, лизинг авто такси, каршеринг, uber, убер, ситимобил, gett, грузовое такси, газель, грузчики, переезд, автошкола, обучение на права, сдать на права, лишение прав, штраф гибдд, гибдд, франшиза такси, франшиза таксопарка, открыть таксопарк, без гражданства, иностранный водитель, работа такси для иностранцев, студентам, школьник, торрент;RUB;-;Комбинаторное;;Комиссия парка;10;;"""комиссия парка 1.9 процента""";;;;;;;;;;;;;;Россия;50;;;;;трудовой договор, без самозанятости, курьер;p1_podklyuchenie
П1_Поиск_Подключение;Единая перфоманс-кампания;заказать такси, вызвать такси, заказать яндекс такси, яндекс такси заказать, такси до аэропорта, такси недорого, дешёвое такси, дешевое такси, яндекс го, яндекс еда, яндекс лавка, яндекс маркет, доставка еды, курьер, курьером, пеший курьер, вакансия, вакансии, вакансия водитель, вакансия в яндексе, работа в яндексе, работа в офисе яндекс, hh, хедхантер, авито работа, суперджоб, работа диспетчером, диспетчер такси, оператор такси, менеджер таксопарка, скачать, скачать яндекс про, приложение яндекс про, установить яндекс про, apk, взлом, мод, бесплатно скачать, аренда авто под такси, аренда машины под такси, снять авто под такси, работа без авто, водитель без авто, авто под ключ такси, лизинг авто такси, каршеринг, uber, убер, ситимобил, gett, грузовое такси, газель, грузчики, переезд, автошкола, обучение на права, сдать на права, лишение прав, штраф гибдд, гибдд, франшиза такси, франшиза таксопарка, открыть таксопарк, без гражданства, иностранный водитель, работа такси для иностранцев, студентам, школьник, торрент;RUB;-;Комбинаторное;;Комиссия парка;10;;"""сменить таксопарк яндекс""";;;;;;;;;;;;;;Россия;50;;;;;трудовой договор, без самозанятости, курьер;p1_podklyuchenie
П1_Поиск_Подключение;Единая перфоманс-кампания;заказать такси, вызвать такси, заказать яндекс такси, яндекс такси заказать, такси до аэропорта, такси недорого, дешёвое такси, дешевое такси, яндекс го, яндекс еда, яндекс лавка, яндекс маркет, доставка еды, курьер, курьером, пеший курьер, вакансия, вакансии, вакансия водитель, вакансия в яндексе, работа в яндексе, работа в офисе яндекс, hh, хедхантер, авито работа, суперджоб, работа диспетчером, диспетчер такси, оператор такси, менеджер таксопарка, скачать, скачать яндекс про, приложение яндекс про, установить яндекс про, apk, взлом, мод, бесплатно скачать, аренда авто под такси, аренда машины под такси, снять авто под такси, работа без авто, водитель без авто, авто под ключ такси, лизинг авто такси, каршеринг, uber, убер, ситимобил, gett, грузовое такси, газель, грузчики, переезд, автошкола, обучение на права, сдать на права, лишение прав, штраф гибдд, гибдд, франшиза такси, франшиза таксопарка, открыть таксопарк, без гражданства, иностранный водитель, работа такси для иностранцев, студентам, школьник, торрент;RUB;-;Комбинаторное;;Комиссия парка;10;;"""перейти в другой парк яндекс такси""";;;;;;;;;;;;;;Россия;50;;;;;трудовой договор, без самозанятости, курьер;p1_podklyuchenie
П1_Поиск_Подключение;Единая перфоманс-кампания;заказать такси, вызвать такси, заказать яндекс такси, яндекс такси заказать, такси до аэропорта, такси недорого, дешёвое такси, дешевое такси, яндекс го, яндекс еда, яндекс лавка, яндекс маркет, доставка еды, курьер, курьером, пеший курьер, вакансия, вакансии, вакансия водитель, вакансия в яндексе, работа в яндексе, работа в офисе яндекс, hh, хедхантер, авито работа, суперджоб, работа диспетчером, диспетчер такси, оператор такси, менеджер таксопарка, скачать, скачать яндекс про, приложение яндекс про, установить яндекс про, apk, взлом, мод, бесплатно скачать, аренда авто под такси, аренда машины под такси, снять авто под такси, работа без авто, водитель без авто, авто под ключ такси, лизинг авто такси, каршеринг, uber, убер, ситимобил, gett, грузовое такси, газель, грузчики, переезд, автошкола, обучение на права, сдать на права, лишение прав, штраф гибдд, гибдд, франшиза такси, франшиза таксопарка, открыть таксопарк, без гражданства, иностранный водитель, работа такси для иностранцев, студентам, школьник, торрент;RUB;-;Комбинаторное;;Комиссия парка;10;;"""какой таксопарк выбрать яндекс""";;;;;;;;;;;;;;Россия;50;;;;;трудовой договор, без самозанятости, курьер;p1_podklyuchenie
П3_Поиск_ИП;Единая перфоманс-кампания;заказать такси, вызвать такси, заказать яндекс такси, яндекс такси заказать, такси до аэропорта, такси недорого, дешёвое такси, дешевое такси, яндекс го, яндекс еда, яндекс лавка, яндекс маркет, доставка еды, курьер, курьером, пеший курьер, вакансия, вакансии, вакансия водитель, вакансия в яндексе, работа в яндексе, работа в офисе яндекс, hh, хедхантер, авито работа, суперджоб, работа диспетчером, диспетчер такси, оператор такси, менеджер таксопарка, скачать, скачать яндекс про, приложение яндекс про, установить яндекс про, apk, взлом, мод, бесплатно скачать, аренда авто под такси, аренда машины под такси, снять авто под такси, работа без авто, водитель без авто, авто под ключ такси, лизинг авто такси, каршеринг, uber, убер, ситимобил, gett, грузовое такси, газель, грузчики, переезд, автошкола, обучение на права, сдать на права, лишение прав, штраф гибдд, гибдд, франшиза такси, франшиза таксопарка, открыть таксопарк, без гражданства, иностранный водитель, работа такси для иностранцев, студентам, школьник, торрент, трудовой договор, курьер;RUB;-;Комбинаторное;;Парковый ИП;11;;"""парковый ип яндекс такси""";;Парковый ИП в Яндекс Такси;Моментальный вывод для ИП;Подключение ИП к Яндекс Про;Комиссия парка ИП от 1,9%;Переход с СМЗ на ИП в парке;Таксопарк Армада для ИП;Активация 10–15 минут онлайн;Парковый ИП: комиссия от 1,9% и моментальный вывод;Авторегистрация онлайн. Удалённо по России;Поможем перейти с самозанятого на ИП в парке;https://park-armada.ru/taxi/?utm_source=yandex&utm_medium=cpc&utm_campaign=p3_ip&utm_content={ad_id}&utm_term={keyword}#formats;taxi;Россия;50;Трудовой договор||Самозанятый 1,9%||Доставка||Лицензия ФГИС;Без СМЗ и ИП, 3 тарифа||Парковый СМЗ, такси||Курьер Яндекс Доставка||Реестр такси 3500₽ / 5 лет;https://park-armada.ru/trudovoj-dogovor/?utm_source=yandex&utm_medium=cpc&utm_campaign=sitelink_labor&utm_content={ad_id}&utm_term={keyword}||https://park-armada.ru/taxi/?utm_source=yandex&utm_medium=cpc&utm_campaign=sitelink_smz&utm_content={ad_id}&utm_term={keyword}#formats||https://park-armada.ru/delivery/?utm_source=yandex&utm_medium=cpc&utm_campaign=sitelink_delivery&utm_content={ad_id}&utm_term={keyword}#courier-tariffs||https://park-armada.ru/license/?utm_source=yandex&utm_medium=cpc&utm_campaign=sitelink_license&utm_content={ad_id}&utm_term={keyword};Комиссия парка от 1,9%||Моментальный вывод||Авторегистрация онлайн||Удалённо по России;курьер, заказать такси;p3_ip
П3_Поиск_ИП;Единая перфоманс-кампания;заказать такси, вызвать такси, заказать яндекс такси, яндекс такси заказать, такси до аэропорта, такси недорого, дешёвое такси, дешевое такси, яндекс го, яндекс еда, яндекс лавка, яндекс маркет, доставка еды, курьер, курьером, пеший курьер, вакансия, вакансии, вакансия водитель, вакансия в яндексе, работа в яндексе, работа в офисе яндекс, hh, хедхантер, авито работа, суперджоб, работа диспетчером, диспетчер такси, оператор такси, менеджер таксопарка, скачать, скачать яндекс про, приложение яндекс про, установить яндекс про, apk, взлом, мод, бесплатно скачать, аренда авто под такси, аренда машины под такси, снять авто под такси, работа без авто, водитель без авто, авто под ключ такси, лизинг авто такси, каршеринг, uber, убер, ситимобил, gett, грузовое такси, газель, грузчики, переезд, автошкола, обучение на права, сдать на права, лишение прав, штраф гибдд, гибдд, франшиза такси, франшиза таксопарка, открыть таксопарк, без гражданства, иностранный водитель, работа такси для иностранцев, студентам, школьник, торрент, трудовой договор, курьер;RUB;-;Комбинаторное;;Парковый ИП;11;;"""ип яндекс такси парк""";;;;;;;;;;;;;;Россия;50;;;;;курьер, заказать такси;p3_ip
П3_Поиск_ИП;Единая перфоманс-кампания;заказать такси, вызвать такси, заказать яндекс такси, яндекс такси заказать, такси до аэропорта, такси недорого, дешёвое такси, дешевое такси, яндекс го, яндекс еда, яндекс лавка, яндекс маркет, доставка еды, курьер, курьером, пеший курьер, вакансия, вакансии, вакансия водитель, вакансия в яндексе, работа в яндексе, работа в офисе яндекс, hh, хедхантер, авито работа, суперджоб, работа диспетчером, диспетчер такси, оператор такси, менеджер таксопарка, скачать, скачать яндекс про, приложение яндекс про, установить яндекс про, apk, взлом, мод, бесплатно скачать, аренда авто под такси, аренда машины под такси, снять авто под такси, работа без авто, водитель без авто, авто под ключ такси, лизинг авто такси, каршеринг, uber, убер, ситимобил, gett, грузовое такси, газель, грузчики, переезд, автошкола, обучение на права, сдать на права, лишение прав, штраф гибдд, гибдд, франшиза такси, франшиза таксопарка, открыть таксопарк, без гражданства, иностранный водитель, работа такси для иностранцев, студентам, школьник, торрент, трудовой договор, курьер;RUB;-;Комбинаторное;;Парковый ИП;11;;"""подключение ип к яндекс такси""";;;;;;;;;;;;;;Россия;50;;;;;курьер, заказать такси;p3_ip
П3_Поиск_ИП;Единая перфоманс-кампания;заказать такси, вызвать такси, заказать яндекс такси, яндекс такси заказать, такси до аэропорта, такси недорого, дешёвое такси, дешевое такси, яндекс го, яндекс еда, яндекс лавка, яндекс маркет, доставка еды, курьер, курьером, пеший курьер, вакансия, вакансии, вакансия водитель, вакансия в яндексе, работа в яндексе, работа в офисе яндекс, hh, хедхантер, авито работа, суперджоб, работа диспетчером, диспетчер такси, оператор такси, менеджер таксопарка, скачать, скачать яндекс про, приложение яндекс про, установить яндекс про, apk, взлом, мод, бесплатно скачать, аренда авто под такси, аренда машины под такси, снять авто под такси, работа без авто, водитель без авто, авто под ключ такси, лизинг авто такси, каршеринг, uber, убер, ситимобил, gett, грузовое такси, газель, грузчики, переезд, автошкола, обучение на права, сдать на права, лишение прав, штраф гибдд, гибдд, франшиза такси, франшиза таксопарка, открыть таксопарк, без гражданства, иностранный водитель, работа такси для иностранцев, студентам, школьник, торрент, трудовой договор, курьер;RUB;-;Комбинаторное;;Парковый ИП;11;;"""моментальный вывод яндекс такси""";;;;;;;;;;;;;;Россия;50;;;;;курьер, заказать такси;p3_ip
П3_Поиск_ИП;Единая перфоманс-кампания;заказать такси, вызвать такси, заказать яндекс такси, яндекс такси заказать, такси до аэропорта, такси недорого, дешёвое такси, дешевое такси, яндекс го, яндекс еда, яндекс лавка, яндекс маркет, доставка еды, курьер, курьером, пеший курьер, вакансия, вакансии, вакансия водитель, вакансия в яндексе, работа в яндексе, работа в офисе яндекс, hh, хедхантер, авито работа, суперджоб, работа диспетчером, диспетчер такси, оператор такси, менеджер таксопарка, скачать, скачать яндекс про, приложение яндекс про, установить яндекс про, apk, взлом, мод, бесплатно скачать, аренда авто под такси, аренда машины под такси, снять авто под такси, работа без авто, водитель без авто, авто под ключ такси, лизинг авто такси, каршеринг, uber, убер, ситимобил, gett, грузовое такси, газель, грузчики, переезд, автошкола, обучение на права, сдать на права, лишение прав, штраф гибдд, гибдд, франшиза такси, франшиза таксопарка, открыть таксопарк, без гражданства, иностранный водитель, работа такси для иностранцев, студентам, школьник, торрент, трудовой договор, курьер;RUB;-;Комбинаторное;;Парковый ИП;11;;"""работа такси ип комиссия""";;;;;;;;;;;;;;Россия;50;;;;;курьер, заказать такси;p3_ip
П3_Поиск_ИП;Единая перфоманс-кампания;заказать такси, вызвать такси, заказать яндекс такси, яндекс такси заказать, такси до аэропорта, такси недорого, дешёвое такси, дешевое такси, яндекс го, яндекс еда, яндекс лавка, яндекс маркет, доставка еды, курьер, курьером, пеший курьер, вакансия, вакансии, вакансия водитель, вакансия в яндексе, работа в яндексе, работа в офисе яндекс, hh, хедхантер, авито работа, суперджоб, работа диспетчером, диспетчер такси, оператор такси, менеджер таксопарка, скачать, скачать яндекс про, приложение яндекс про, установить яндекс про, apk, взлом, мод, бесплатно скачать, аренда авто под такси, аренда машины под такси, снять авто под такси, работа без авто, водитель без авто, авто под ключ такси, лизинг авто такси, каршеринг, uber, убер, ситимобил, gett, грузовое такси, газель, грузчики, переезд, автошкола, обучение на права, сдать на права, лишение прав, штраф гибдд, гибдд, франшиза такси, франшиза таксопарка, открыть таксопарк, без гражданства, иностранный водитель, работа такси для иностранцев, студентам, школьник, торрент, трудовой договор, курьер;RUB;-;Комбинаторное;;Парковый ИП;11;;"""переход с самозанятого на ип такси""";;;;;;;;;;;;;;Россия;50;;;;;курьер, заказать такси;p3_ip
П3_Поиск_ИП;Единая перфоманс-кампания;заказать такси, вызвать такси, заказать яндекс такси, яндекс такси заказать, такси до аэропорта, такси недорого, дешёвое такси, дешевое такси, яндекс го, яндекс еда, яндекс лавка, яндекс маркет, доставка еды, курьер, курьером, пеший курьер, вакансия, вакансии, вакансия водитель, вакансия в яндексе, работа в яндексе, работа в офисе яндекс, hh, хедхантер, авито работа, суперджоб, работа диспетчером, диспетчер такси, оператор такси, менеджер таксопарка, скачать, скачать яндекс про, приложение яндекс про, установить яндекс про, apk, взлом, мод, бесплатно скачать, аренда авто под такси, аренда машины под такси, снять авто под такси, работа без авто, водитель без авто, авто под ключ такси, лизинг авто такси, каршеринг, uber, убер, ситимобил, gett, грузовое такси, газель, грузчики, переезд, автошкола, обучение на права, сдать на права, лишение прав, штраф гибдд, гибдд, франшиза такси, франшиза таксопарка, открыть таксопарк, без гражданства, иностранный водитель, работа такси для иностранцев, студентам, школьник, торрент, трудовой договор, курьер;RUB;-;Комбинаторное;;Парковый ИП;11;;"""яндекс про парковый ип""";;;;;;;;;;;;;;Россия;50;;;;;курьер, заказать такси;p3_ip
П3_Поиск_ИП;Единая перфоманс-кампания;заказать такси, вызвать такси, заказать яндекс такси, яндекс такси заказать, такси до аэропорта, такси недорого, дешёвое такси, дешевое такси, яндекс го, яндекс еда, яндекс лавка, яндекс маркет, доставка еды, курьер, курьером, пеший курьер, вакансия, вакансии, вакансия водитель, вакансия в яндексе, работа в яндексе, работа в офисе яндекс, hh, хедхантер, авито работа, суперджоб, работа диспетчером, диспетчер такси, оператор такси, менеджер таксопарка, скачать, скачать яндекс про, приложение яндекс про, установить яндекс про, apk, взлом, мод, бесплатно скачать, аренда авто под такси, аренда машины под такси, снять авто под такси, работа без авто, водитель без авто, авто под ключ такси, лизинг авто такси, каршеринг, uber, убер, ситимобил, gett, грузовое такси, газель, грузчики, переезд, автошкола, обучение на права, сдать на права, лишение прав, штраф гибдд, гибдд, франшиза такси, франшиза таксопарка, открыть таксопарк, без гражданства, иностранный водитель, работа такси для иностранцев, студентам, школьник, торрент, трудовой договор, курьер;RUB;-;Комбинаторное;;Парковый ИП;11;;"""ип в таксопарке яндекс""";;;;;;;;;;;;;;Россия;50;;;;;курьер, заказать такси;p3_ip
П3_Поиск_ИП;Единая перфоманс-кампания;заказать такси, вызвать такси, заказать яндекс такси, яндекс такси заказать, такси до аэропорта, такси недорого, дешёвое такси, дешевое такси, яндекс го, яндекс еда, яндекс лавка, яндекс маркет, доставка еды, курьер, курьером, пеший курьер, вакансия, вакансии, вакансия водитель, вакансия в яндексе, работа в яндексе, работа в офисе яндекс, hh, хедхантер, авито работа, суперджоб, работа диспетчером, диспетчер такси, оператор такси, менеджер таксопарка, скачать, скачать яндекс про, приложение яндекс про, установить яндекс про, apk, взлом, мод, бесплатно скачать, аренда авто под такси, аренда машины под такси, снять авто под такси, работа без авто, водитель без авто, авто под ключ такси, лизинг авто такси, каршеринг, uber, убер, ситимобил, gett, грузовое такси, газель, грузчики, переезд, автошкола, обучение на права, сдать на права, лишение прав, штраф гибдд, гибдд, франшиза такси, франшиза таксопарка, открыть таксопарк, без гражданства, иностранный водитель, работа такси для иностранцев, студентам, школьник, торрент, трудовой договор, курьер;RUB;-;Комбинаторное;;Парковый ИП;11;;"""вывод денег яндекс такси ип""";;;;;;;;;;;;;;Россия;50;;;;;курьер, заказать такси;p3_ip
П10_Поиск_Доставка;Единая перфоманс-кампания;заказать такси, вызвать такси, яндекс го, яндекс еда заказать, яндекс лавка, яндекс маркет, доставка еды заказать, вакансия в яндексе, работа в яндексе, работа в офисе яндекс, hh, хедхантер, авито работа, суперджоб, скачать, скачать яндекс про, приложение яндекс про, аренда авто, каршеринг, uber, ситимобил, франшиза, открыть таксопарк, без гражданства, иностранный водитель, трудовой договор такси, 2ндфл такси, пассажир, эконом комфорт;RUB;-;Комбинаторное;;Пеший курьер;12;;"""курьер яндекс доставка""";;Курьер Яндекс Доставка в парке;Пеший, авто, мото и грузовой;Парковый самозанятый курьер;Подключение курьера онлайн;Яндекс Доставка через Армаду;Активация 10–15 минут;Удалённо по всей России;Пеший, авто, мото и грузовой курьер через парк;Парковый самозанятый. Подключение онлайн;Удалённо по России. Активация 10–15 минут;https://park-armada.ru/delivery/?utm_source=yandex&utm_medium=cpc&utm_campaign=delivery_courier&utm_content={ad_id}&utm_term={keyword}#courier-tariffs;delivery;Россия;45;Тарифы курьера||FAQ доставки||Такси от 1,9%||Лицензия ФГИС;Пеший авто мото груз||Вопросы курьерам||Парковый самозанятый||Реестр такси 3500₽;https://park-armada.ru/delivery/?utm_source=yandex&utm_medium=cpc&utm_campaign=sitelink_courier_tariffs&utm_content={ad_id}&utm_term={keyword}#courier-tariffs||https://park-armada.ru/delivery/?utm_source=yandex&utm_medium=cpc&utm_campaign=sitelink_delivery_faq&utm_content={ad_id}&utm_term={keyword}#faq||https://park-armada.ru/taxi/?utm_source=yandex&utm_medium=cpc&utm_campaign=sitelink_smz&utm_content={ad_id}&utm_term={keyword}#formats||https://park-armada.ru/license/?utm_source=yandex&utm_medium=cpc&utm_campaign=sitelink_license&utm_content={ad_id}&utm_term={keyword};Пеший авто мото груз||Парковый самозанятый||Подключение онлайн||Активация 10–15 мин;заказать еду, яндекс еда вакансия офис, вызвать такси, водитель такси эконом;delivery_courier
П10_Поиск_Доставка;Единая перфоманс-кампания;заказать такси, вызвать такси, яндекс го, яндекс еда заказать, яндекс лавка, яндекс маркет, доставка еды заказать, вакансия в яндексе, работа в яндексе, работа в офисе яндекс, hh, хедхантер, авито работа, суперджоб, скачать, скачать яндекс про, приложение яндекс про, аренда авто, каршеринг, uber, ситимобил, франшиза, открыть таксопарк, без гражданства, иностранный водитель, трудовой договор такси, 2ндфл такси, пассажир, эконом комфорт;RUB;-;Комбинаторное;;Пеший курьер;12;;"""подключить курьера яндекс доставка""";;;;;;;;;;;;;;Россия;45;;;;;заказать еду, яндекс еда вакансия офис, вызвать такси, водитель такси эконом;delivery_courier
П10_Поиск_Доставка;Единая перфоманс-кампания;заказать такси, вызвать такси, яндекс го, яндекс еда заказать, яндекс лавка, яндекс маркет, доставка еды заказать, вакансия в яндексе, работа в яндексе, работа в офисе яндекс, hh, хедхантер, авито работа, суперджоб, скачать, скачать яндекс про, приложение яндекс про, аренда авто, каршеринг, uber, ситимобил, франшиза, открыть таксопарк, без гражданства, иностранный водитель, трудовой договор такси, 2ндфл такси, пассажир, эконом комфорт;RUB;-;Комбинаторное;;Пеший курьер;12;;"""пеший курьер яндекс""";;;;;;;;;;;;;;Россия;45;;;;;заказать еду, яндекс еда вакансия офис, вызвать такси, водитель такси эконом;delivery_courier
П10_Поиск_Доставка;Единая перфоманс-кампания;заказать такси, вызвать такси, яндекс го, яндекс еда заказать, яндекс лавка, яндекс маркет, доставка еды заказать, вакансия в яндексе, работа в яндексе, работа в офисе яндекс, hh, хедхантер, авито работа, суперджоб, скачать, скачать яндекс про, приложение яндекс про, аренда авто, каршеринг, uber, ситимобил, франшиза, открыть таксопарк, без гражданства, иностранный водитель, трудовой договор такси, 2ндфл такси, пассажир, эконом комфорт;RUB;-;Комбинаторное;;Пеший курьер;12;;"""пеший курьер яндекс доставка""";;;;;;;;;;;;;;Россия;45;;;;;заказать еду, яндекс еда вакансия офис, вызвать такси, водитель такси эконом;delivery_courier
П10_Поиск_Доставка;Единая перфоманс-кампания;заказать такси, вызвать такси, яндекс го, яндекс еда заказать, яндекс лавка, яндекс маркет, доставка еды заказать, вакансия в яндексе, работа в яндексе, работа в офисе яндекс, hh, хедхантер, авито работа, суперджоб, скачать, скачать яндекс про, приложение яндекс про, аренда авто, каршеринг, uber, ситимобил, франшиза, открыть таксопарк, без гражданства, иностранный водитель, трудовой договор такси, 2ндфл такси, пассажир, эконом комфорт;RUB;-;Комбинаторное;;Пеший курьер;12;;"""работа курьером яндекс доставка""";;;;;;;;;;;;;;Россия;45;;;;;заказать еду, яндекс еда вакансия офис, вызвать такси, водитель такси эконом;delivery_courier
П10_Поиск_Доставка;Единая перфоманс-кампания;заказать такси, вызвать такси, яндекс го, яндекс еда заказать, яндекс лавка, яндекс маркет, доставка еды заказать, вакансия в яндексе, работа в яндексе, работа в офисе яндекс, hh, хедхантер, авито работа, суперджоб, скачать, скачать яндекс про, приложение яндекс про, аренда авто, каршеринг, uber, ситимобил, франшиза, открыть таксопарк, без гражданства, иностранный водитель, трудовой договор такси, 2ндфл такси, пассажир, эконом комфорт;RUB;-;Комбинаторное;;Автокурьер;13;;"""автокурьер яндекс доставка""";;Курьер Яндекс Доставка в парке;Пеший, авто, мото и грузовой;Парковый самозанятый курьер;Подключение курьера онлайн;Яндекс Доставка через Армаду;Активация 10–15 минут;Удалённо по всей России;Пеший, авто, мото и грузовой курьер через парк;Парковый самозанятый. Подключение онлайн;Удалённо по России. Активация 10–15 минут;https://park-armada.ru/delivery/?utm_source=yandex&utm_medium=cpc&utm_campaign=delivery_courier&utm_content={ad_id}&utm_term={keyword}#courier-tariffs;delivery;Россия;45;Тарифы курьера||FAQ доставки||Такси от 1,9%||Лицензия ФГИС;Пеший авто мото груз||Вопросы курьерам||Парковый самозанятый||Реестр такси 3500₽;https://park-armada.ru/delivery/?utm_source=yandex&utm_medium=cpc&utm_campaign=sitelink_courier_tariffs&utm_content={ad_id}&utm_term={keyword}#courier-tariffs||https://park-armada.ru/delivery/?utm_source=yandex&utm_medium=cpc&utm_campaign=sitelink_delivery_faq&utm_content={ad_id}&utm_term={keyword}#faq||https://park-armada.ru/taxi/?utm_source=yandex&utm_medium=cpc&utm_campaign=sitelink_smz&utm_content={ad_id}&utm_term={keyword}#formats||https://park-armada.ru/license/?utm_source=yandex&utm_medium=cpc&utm_campaign=sitelink_license&utm_content={ad_id}&utm_term={keyword};Пеший авто мото груз||Парковый самозанятый||Подключение онлайн||Активация 10–15 мин;заказать еду, яндекс еда вакансия офис, вызвать такси, водитель такси эконом;delivery_courier
П10_Поиск_Доставка;Единая перфоманс-кампания;заказать такси, вызвать такси, яндекс го, яндекс еда заказать, яндекс лавка, яндекс маркет, доставка еды заказать, вакансия в яндексе, работа в яндексе, работа в офисе яндекс, hh, хедхантер, авито работа, суперджоб, скачать, скачать яндекс про, приложение яндекс про, аренда авто, каршеринг, uber, ситимобил, франшиза, открыть таксопарк, без гражданства, иностранный водитель, трудовой договор такси, 2ндфл такси, пассажир, эконом комфорт;RUB;-;Комбинаторное;;Автокурьер;13;;"""курьер на авто яндекс""";;;;;;;;;;;;;;Россия;45;;;;;заказать еду, яндекс еда вакансия офис, вызвать такси, водитель такси эконом;delivery_courier
П10_Поиск_Доставка;Единая перфоманс-кампания;заказать такси, вызвать такси, яндекс го, яндекс еда заказать, яндекс лавка, яндекс маркет, доставка еды заказать, вакансия в яндексе, работа в яндексе, работа в офисе яндекс, hh, хедхантер, авито работа, суперджоб, скачать, скачать яндекс про, приложение яндекс про, аренда авто, каршеринг, uber, ситимобил, франшиза, открыть таксопарк, без гражданства, иностранный водитель, трудовой договор такси, 2ндфл такси, пассажир, эконом комфорт;RUB;-;Комбинаторное;;Автокурьер;13;;"""подключение автокурьера""";;;;;;;;;;;;;;Россия;45;;;;;заказать еду, яндекс еда вакансия офис, вызвать такси, водитель такси эконом;delivery_courier
П10_Поиск_Доставка;Единая перфоманс-кампания;заказать такси, вызвать такси, яндекс го, яндекс еда заказать, яндекс лавка, яндекс маркет, доставка еды заказать, вакансия в яндексе, работа в яндексе, работа в офисе яндекс, hh, хедхантер, авито работа, суперджоб, скачать, скачать яндекс про, приложение яндекс про, аренда авто, каршеринг, uber, ситимобил, франшиза, открыть таксопарк, без гражданства, иностранный водитель, трудовой договор такси, 2ндфл такси, пассажир, эконом комфорт;RUB;-;Комбинаторное;;Мотокурьер;14;;"""мотокурьер яндекс""";;Курьер Яндекс Доставка в парке;Пеший, авто, мото и грузовой;Парковый самозанятый курьер;Подключение курьера онлайн;Яндекс Доставка через Армаду;Активация 10–15 минут;Удалённо по всей России;Пеший, авто, мото и грузовой курьер через парк;Парковый самозанятый. Подключение онлайн;Удалённо по России. Активация 10–15 минут;https://park-armada.ru/delivery/?utm_source=yandex&utm_medium=cpc&utm_campaign=delivery_courier&utm_content={ad_id}&utm_term={keyword}#courier-tariffs;delivery;Россия;45;Тарифы курьера||FAQ доставки||Такси от 1,9%||Лицензия ФГИС;Пеший авто мото груз||Вопросы курьерам||Парковый самозанятый||Реестр такси 3500₽;https://park-armada.ru/delivery/?utm_source=yandex&utm_medium=cpc&utm_campaign=sitelink_courier_tariffs&utm_content={ad_id}&utm_term={keyword}#courier-tariffs||https://park-armada.ru/delivery/?utm_source=yandex&utm_medium=cpc&utm_campaign=sitelink_delivery_faq&utm_content={ad_id}&utm_term={keyword}#faq||https://park-armada.ru/taxi/?utm_source=yandex&utm_medium=cpc&utm_campaign=sitelink_smz&utm_content={ad_id}&utm_term={keyword}#formats||https://park-armada.ru/license/?utm_source=yandex&utm_medium=cpc&utm_campaign=sitelink_license&utm_content={ad_id}&utm_term={keyword};Пеший авто мото груз||Парковый самозанятый||Подключение онлайн||Активация 10–15 мин;заказать еду, яндекс еда вакансия офис, вызвать такси, водитель такси эконом;delivery_courier
П10_Поиск_Доставка;Единая перфоманс-кампания;заказать такси, вызвать такси, яндекс го, яндекс еда заказать, яндекс лавка, яндекс маркет, доставка еды заказать, вакансия в яндексе, работа в яндексе, работа в офисе яндекс, hh, хедхантер, авито работа, суперджоб, скачать, скачать яндекс про, приложение яндекс про, аренда авто, каршеринг, uber, ситимобил, франшиза, открыть таксопарк, без гражданства, иностранный водитель, трудовой договор такси, 2ндфл такси, пассажир, эконом комфорт;RUB;-;Комбинаторное;;Мотокурьер;14;;"""мотокурьер яндекс доставка""";;;;;;;;;;;;;;Россия;45;;;;;заказать еду, яндекс еда вакансия офис, вызвать такси, водитель такси эконом;delivery_courier
П10_Поиск_Доставка;Единая перфоманс-кампания;заказать такси, вызвать такси, яндекс го, яндекс еда заказать, яндекс лавка, яндекс маркет, доставка еды заказать, вакансия в яндексе, работа в яндексе, работа в офисе яндекс, hh, хедхантер, авито работа, суперджоб, скачать, скачать яндекс про, приложение яндекс про, аренда авто, каршеринг, uber, ситимобил, франшиза, открыть таксопарк, без гражданства, иностранный водитель, трудовой договор такси, 2ндфл такси, пассажир, эконом комфорт;RUB;-;Комбинаторное;;Грузовой курьер;15;;"""грузовой курьер яндекс""";;Курьер Яндекс Доставка в парке;Пеший, авто, мото и грузовой;Парковый самозанятый курьер;Подключение курьера онлайн;Яндекс Доставка через Армаду;Активация 10–15 минут;Удалённо по всей России;Пеший, авто, мото и грузовой курьер через парк;Парковый самозанятый. Подключение онлайн;Удалённо по России. Активация 10–15 минут;https://park-armada.ru/delivery/?utm_source=yandex&utm_medium=cpc&utm_campaign=delivery_courier&utm_content={ad_id}&utm_term={keyword}#courier-tariffs;delivery;Россия;45;Тарифы курьера||FAQ доставки||Такси от 1,9%||Лицензия ФГИС;Пеший авто мото груз||Вопросы курьерам||Парковый самозанятый||Реестр такси 3500₽;https://park-armada.ru/delivery/?utm_source=yandex&utm_medium=cpc&utm_campaign=sitelink_courier_tariffs&utm_content={ad_id}&utm_term={keyword}#courier-tariffs||https://park-armada.ru/delivery/?utm_source=yandex&utm_medium=cpc&utm_campaign=sitelink_delivery_faq&utm_content={ad_id}&utm_term={keyword}#faq||https://park-armada.ru/taxi/?utm_source=yandex&utm_medium=cpc&utm_campaign=sitelink_smz&utm_content={ad_id}&utm_term={keyword}#formats||https://park-armada.ru/license/?utm_source=yandex&utm_medium=cpc&utm_campaign=sitelink_license&utm_content={ad_id}&utm_term={keyword};Пеший авто мото груз||Парковый самозанятый||Подключение онлайн||Активация 10–15 мин;заказать еду, яндекс еда вакансия офис, вызвать такси, водитель такси эконом;delivery_courier
П10_Поиск_Доставка;Единая перфоманс-кампания;заказать такси, вызвать такси, яндекс го, яндекс еда заказать, яндекс лавка, яндекс маркет, доставка еды заказать, вакансия в яндексе, работа в яндексе, работа в офисе яндекс, hh, хедхантер, авито работа, суперджоб, скачать, скачать яндекс про, приложение яндекс про, аренда авто, каршеринг, uber, ситимобил, франшиза, открыть таксопарк, без гражданства, иностранный водитель, трудовой договор такси, 2ндфл такси, пассажир, эконом комфорт;RUB;-;Комбинаторное;;Грузовой курьер;15;;"""грузовой курьер яндекс доставка""";;;;;;;;;;;;;;Россия;45;;;;;заказать еду, яндекс еда вакансия офис, вызвать такси, водитель такси эконом;delivery_courier
П10_Поиск_Доставка;Единая перфоманс-кампания;заказать такси, вызвать такси, яндекс го, яндекс еда заказать, яндекс лавка, яндекс маркет, доставка еды заказать, вакансия в яндексе, работа в яндексе, работа в офисе яндекс, hh, хедхантер, авито работа, суперджоб, скачать, скачать яндекс про, приложение яндекс про, аренда авто, каршеринг, uber, ситимобил, франшиза, открыть таксопарк, без гражданства, иностранный водитель, трудовой договор такси, 2ндфл такси, пассажир, эконом комфорт;RUB;-;Комбинаторное;;Парковый курьер;16;;"""парковый самозанятый курьер""";;Курьер Яндекс Доставка в парке;Пеший, авто, мото и грузовой;Парковый самозанятый курьер;Подключение курьера онлайн;Яндекс Доставка через Армаду;Активация 10–15 минут;Удалённо по всей России;Пеший, авто, мото и грузовой курьер через парк;Парковый самозанятый. Подключение онлайн;Удалённо по России. Активация 10–15 минут;https://park-armada.ru/delivery/?utm_source=yandex&utm_medium=cpc&utm_campaign=delivery_courier&utm_content={ad_id}&utm_term={keyword}#courier-tariffs;delivery;Россия;45;Тарифы курьера||FAQ доставки||Такси от 1,9%||Лицензия ФГИС;Пеший авто мото груз||Вопросы курьерам||Парковый самозанятый||Реестр такси 3500₽;https://park-armada.ru/delivery/?utm_source=yandex&utm_medium=cpc&utm_campaign=sitelink_courier_tariffs&utm_content={ad_id}&utm_term={keyword}#courier-tariffs||https://park-armada.ru/delivery/?utm_source=yandex&utm_medium=cpc&utm_campaign=sitelink_delivery_faq&utm_content={ad_id}&utm_term={keyword}#faq||https://park-armada.ru/taxi/?utm_source=yandex&utm_medium=cpc&utm_campaign=sitelink_smz&utm_content={ad_id}&utm_term={keyword}#formats||https://park-armada.ru/license/?utm_source=yandex&utm_medium=cpc&utm_campaign=sitelink_license&utm_content={ad_id}&utm_term={keyword};Пеший авто мото груз||Парковый самозанятый||Подключение онлайн||Активация 10–15 мин;заказать еду, яндекс еда вакансия офис, вызвать такси, водитель такси эконом;delivery_courier
П10_Поиск_Доставка;Единая перфоманс-кампания;заказать такси, вызвать такси, яндекс го, яндекс еда заказать, яндекс лавка, яндекс маркет, доставка еды заказать, вакансия в яндексе, работа в яндексе, работа в офисе яндекс, hh, хедхантер, авито работа, суперджоб, скачать, скачать яндекс про, приложение яндекс про, аренда авто, каршеринг, uber, ситимобил, франшиза, открыть таксопарк, без гражданства, иностранный водитель, трудовой договор такси, 2ндфл такси, пассажир, эконом комфорт;RUB;-;Комбинаторное;;Парковый курьер;16;;"""подключение к яндекс доставке""";;;;;;;;;;;;;;Россия;45;;;;;заказать еду, яндекс еда вакансия офис, вызвать такси, водитель такси эконом;delivery_courier
П10_Поиск_Доставка;Единая перфоманс-кампания;заказать такси, вызвать такси, яндекс го, яндекс еда заказать, яндекс лавка, яндекс маркет, доставка еды заказать, вакансия в яндексе, работа в яндексе, работа в офисе яндекс, hh, хедхантер, авито работа, суперджоб, скачать, скачать яндекс про, приложение яндекс про, аренда авто, каршеринг, uber, ситимобил, франшиза, открыть таксопарк, без гражданства, иностранный водитель, трудовой договор такси, 2ндфл такси, пассажир, эконом комфорт;RUB;-;Комбинаторное;;Парковый курьер;16;;"""курьер яндекс про парк""";;;;;;;;;;;;;;Россия;45;;;;;заказать еду, яндекс еда вакансия офис, вызвать такси, водитель такси эконом;delivery_courier
П5_Поиск_ФГИС;Единая перфоманс-кампания;заказать такси, вызвать такси, заказать яндекс такси, яндекс такси заказать, такси до аэропорта, такси недорого, дешёвое такси, дешевое такси, яндекс го, яндекс еда, яндекс лавка, яндекс маркет, доставка еды, курьер, курьером, пеший курьер, вакансия, вакансии, вакансия водитель, вакансия в яндексе, работа в яндексе, работа в офисе яндекс, hh, хедхантер, авито работа, суперджоб, работа диспетчером, диспетчер такси, оператор такси, менеджер таксопарка, скачать, скачать яндекс про, приложение яндекс про, установить яндекс про, apk, взлом, мод, бесплатно скачать, аренда авто под такси, аренда машины под такси, снять авто под такси, работа без авто, водитель без авто, авто под ключ такси, лизинг авто такси, каршеринг, uber, убер, ситимобил, gett, грузовое такси, газель, грузчики, переезд, автошкола, обучение на права, сдать на права, лишение прав, штраф гибдд, гибдд, франшиза такси, франшиза таксопарка, открыть таксопарк, без гражданства, иностранный водитель, работа такси для иностранцев, студентам, школьник, торрент, фгис зерно, фгис меркурий, честный знак;RUB;-;Комбинаторное;;Лицензия ФГИС;17;;"""лицензия такси фгис""";;Внести авто в реестр такси;Лицензия такси ФГИС 3500₽;Реестр такси на 5 лет онлайн;Оформить лицензию такси;ФГИС такси, оплата по факту;Обычно готово за 1–3 дня;Проверка авто в реестре такси;Внесём авто в реестр такси. 3500₽ на 5 лет;Обычно 1–3 дня. Оплата после проверки документа;Нужны фото авто и СТС. Заявка в чат парка;https://park-armada.ru/license/?utm_source=yandex&utm_medium=cpc&utm_campaign=p5_fgis&utm_content={ad_id}&utm_term={keyword};license;Россия;35;Подать на ФГИС||FAQ лицензии||ОСГОП 3400₽||Такси от 1,9%;Фото авто и СТС||Сроки и оплата||Страховка на 1 год||Подключение водителя;https://park-armada.ru/license/?utm_source=yandex&utm_medium=cpc&utm_campaign=sitelink_fgis_apply&utm_content={ad_id}&utm_term={keyword}#apply-service||https://park-armada.ru/license/?utm_source=yandex&utm_medium=cpc&utm_campaign=sitelink_fgis_faq&utm_content={ad_id}&utm_term={keyword}#faq||https://park-armada.ru/osgop/?utm_source=yandex&utm_medium=cpc&utm_campaign=sitelink_osgop&utm_content={ad_id}&utm_term={keyword}||https://park-armada.ru/taxi/?utm_source=yandex&utm_medium=cpc&utm_campaign=sitelink_smz&utm_content={ad_id}&utm_term={keyword}#formats;3500₽ на 5 лет||Оплата по факту||Обычно 1–3 дня||Удалённо по России;курьер, заказать такси, фгис зерно, фгис меркурий;p5_fgis
П5_Поиск_ФГИС;Единая перфоманс-кампания;заказать такси, вызвать такси, заказать яндекс такси, яндекс такси заказать, такси до аэропорта, такси недорого, дешёвое такси, дешевое такси, яндекс го, яндекс еда, яндекс лавка, яндекс маркет, доставка еды, курьер, курьером, пеший курьер, вакансия, вакансии, вакансия водитель, вакансия в яндексе, работа в яндексе, работа в офисе яндекс, hh, хедхантер, авито работа, суперджоб, работа диспетчером, диспетчер такси, оператор такси, менеджер таксопарка, скачать, скачать яндекс про, приложение яндекс про, установить яндекс про, apk, взлом, мод, бесплатно скачать, аренда авто под такси, аренда машины под такси, снять авто под такси, работа без авто, водитель без авто, авто под ключ такси, лизинг авто такси, каршеринг, uber, убер, ситимобил, gett, грузовое такси, газель, грузчики, переезд, автошкола, обучение на права, сдать на права, лишение прав, штраф гибдд, гибдд, франшиза такси, франшиза таксопарка, открыть таксопарк, без гражданства, иностранный водитель, работа такси для иностранцев, студентам, школьник, торрент, фгис зерно, фгис меркурий, честный знак;RUB;-;Комбинаторное;;Лицензия ФГИС;17;;"""внести авто в реестр такси""";;;;;;;;;;;;;;Россия;35;;;;;курьер, заказать такси, фгис зерно, фгис меркурий;p5_fgis
П5_Поиск_ФГИС;Единая перфоманс-кампания;заказать такси, вызвать такси, заказать яндекс такси, яндекс такси заказать, такси до аэропорта, такси недорого, дешёвое такси, дешевое такси, яндекс го, яндекс еда, яндекс лавка, яндекс маркет, доставка еды, курьер, курьером, пеший курьер, вакансия, вакансии, вакансия водитель, вакансия в яндексе, работа в яндексе, работа в офисе яндекс, hh, хедхантер, авито работа, суперджоб, работа диспетчером, диспетчер такси, оператор такси, менеджер таксопарка, скачать, скачать яндекс про, приложение яндекс про, установить яндекс про, apk, взлом, мод, бесплатно скачать, аренда авто под такси, аренда машины под такси, снять авто под такси, работа без авто, водитель без авто, авто под ключ такси, лизинг авто такси, каршеринг, uber, убер, ситимобил, gett, грузовое такси, газель, грузчики, переезд, автошкола, обучение на права, сдать на права, лишение прав, штраф гибдд, гибдд, франшиза такси, франшиза таксопарка, открыть таксопарк, без гражданства, иностранный водитель, работа такси для иностранцев, студентам, школьник, торрент, фгис зерно, фгис меркурий, честный знак;RUB;-;Комбинаторное;;Лицензия ФГИС;17;;"""реестр такси фгис""";;;;;;;;;;;;;;Россия;35;;;;;курьер, заказать такси, фгис зерно, фгис меркурий;p5_fgis
П5_Поиск_ФГИС;Единая перфоманс-кампания;заказать такси, вызвать такси, заказать яндекс такси, яндекс такси заказать, такси до аэропорта, такси недорого, дешёвое такси, дешевое такси, яндекс го, яндекс еда, яндекс лавка, яндекс маркет, доставка еды, курьер, курьером, пеший курьер, вакансия, вакансии, вакансия водитель, вакансия в яндексе, работа в яндексе, работа в офисе яндекс, hh, хедхантер, авито работа, суперджоб, работа диспетчером, диспетчер такси, оператор такси, менеджер таксопарка, скачать, скачать яндекс про, приложение яндекс про, установить яндекс про, apk, взлом, мод, бесплатно скачать, аренда авто под такси, аренда машины под такси, снять авто под такси, работа без авто, водитель без авто, авто под ключ такси, лизинг авто такси, каршеринг, uber, убер, ситимобил, gett, грузовое такси, газель, грузчики, переезд, автошкола, обучение на права, сдать на права, лишение прав, штраф гибдд, гибдд, франшиза такси, франшиза таксопарка, открыть таксопарк, без гражданства, иностранный водитель, работа такси для иностранцев, студентам, школьник, торрент, фгис зерно, фгис меркурий, честный знак;RUB;-;Комбинаторное;;Лицензия ФГИС;17;;"""лицензия на такси стоимость""";;;;;;;;;;;;;;Россия;35;;;;;курьер, заказать такси, фгис зерно, фгис меркурий;p5_fgis
П5_Поиск_ФГИС;Единая перфоманс-кампания;заказать такси, вызвать такси, заказать яндекс такси, яндекс такси заказать, такси до аэропорта, такси недорого, дешёвое такси, дешевое такси, яндекс го, яндекс еда, яндекс лавка, яндекс маркет, доставка еды, курьер, курьером, пеший курьер, вакансия, вакансии, вакансия водитель, вакансия в яндексе, работа в яндексе, работа в офисе яндекс, hh, хедхантер, авито работа, суперджоб, работа диспетчером, диспетчер такси, оператор такси, менеджер таксопарка, скачать, скачать яндекс про, приложение яндекс про, установить яндекс про, apk, взлом, мод, бесплатно скачать, аренда авто под такси, аренда машины под такси, снять авто под такси, работа без авто, водитель без авто, авто под ключ такси, лизинг авто такси, каршеринг, uber, убер, ситимобил, gett, грузовое такси, газель, грузчики, переезд, автошкола, обучение на права, сдать на права, лишение прав, штраф гибдд, гибдд, франшиза такси, франшиза таксопарка, открыть таксопарк, без гражданства, иностранный водитель, работа такси для иностранцев, студентам, школьник, торрент, фгис зерно, фгис меркурий, честный знак;RUB;-;Комбинаторное;;Лицензия ФГИС;17;;"""оформить лицензию такси""";;;;;;;;;;;;;;Россия;35;;;;;курьер, заказать такси, фгис зерно, фгис меркурий;p5_fgis
П5_Поиск_ФГИС;Единая перфоманс-кампания;заказать такси, вызвать такси, заказать яндекс такси, яндекс такси заказать, такси до аэропорта, такси недорого, дешёвое такси, дешевое такси, яндекс го, яндекс еда, яндекс лавка, яндекс маркет, доставка еды, курьер, курьером, пеший курьер, вакансия, вакансии, вакансия водитель, вакансия в яндексе, работа в яндексе, работа в офисе яндекс, hh, хедхантер, авито работа, суперджоб, работа диспетчером, диспетчер такси, оператор такси, менеджер таксопарка, скачать, скачать яндекс про, приложение яндекс про, установить яндекс про, apk, взлом, мод, бесплатно скачать, аренда авто под такси, аренда машины под такси, снять авто под такси, работа без авто, водитель без авто, авто под ключ такси, лизинг авто такси, каршеринг, uber, убер, ситимобил, gett, грузовое такси, газель, грузчики, переезд, автошкола, обучение на права, сдать на права, лишение прав, штраф гибдд, гибдд, франшиза такси, франшиза таксопарка, открыть таксопарк, без гражданства, иностранный водитель, работа такси для иностранцев, студентам, школьник, торрент, фгис зерно, фгис меркурий, честный знак;RUB;-;Комбинаторное;;Лицензия ФГИС;17;;"""проверка фгис такси""";;;;;;;;;;;;;;Россия;35;;;;;курьер, заказать такси, фгис зерно, фгис меркурий;p5_fgis
П5_Поиск_ФГИС;Единая перфоманс-кампания;заказать такси, вызвать такси, заказать яндекс такси, яндекс такси заказать, такси до аэропорта, такси недорого, дешёвое такси, дешевое такси, яндекс го, яндекс еда, яндекс лавка, яндекс маркет, доставка еды, курьер, курьером, пеший курьер, вакансия, вакансии, вакансия водитель, вакансия в яндексе, работа в яндексе, работа в офисе яндекс, hh, хедхантер, авито работа, суперджоб, работа диспетчером, диспетчер такси, оператор такси, менеджер таксопарка, скачать, скачать яндекс про, приложение яндекс про, установить яндекс про, apk, взлом, мод, бесплатно скачать, аренда авто под такси, аренда машины под такси, снять авто под такси, работа без авто, водитель без авто, авто под ключ такси, лизинг авто такси, каршеринг, uber, убер, ситимобил, gett, грузовое такси, газель, грузчики, переезд, автошкола, обучение на права, сдать на права, лишение прав, штраф гибдд, гибдд, франшиза такси, франшиза таксопарка, открыть таксопарк, без гражданства, иностранный водитель, работа такси для иностранцев, студентам, школьник, торрент, фгис зерно, фгис меркурий, честный знак;RUB;-;Комбинаторное;;Лицензия ФГИС;17;;"""проверить авто фгис такси""";;;;;;;;;;;;;;Россия;35;;;;;курьер, заказать такси, фгис зерно, фгис меркурий;p5_fgis
П5_Поиск_ФГИС;Единая перфоманс-кампания;заказать такси, вызвать такси, заказать яндекс такси, яндекс такси заказать, такси до аэропорта, такси недорого, дешёвое такси, дешевое такси, яндекс го, яндекс еда, яндекс лавка, яндекс маркет, доставка еды, курьер, курьером, пеший курьер, вакансия, вакансии, вакансия водитель, вакансия в яндексе, работа в яндексе, работа в офисе яндекс, hh, хедхантер, авито работа, суперджоб, работа диспетчером, диспетчер такси, оператор такси, менеджер таксопарка, скачать, скачать яндекс про, приложение яндекс про, установить яндекс про, apk, взлом, мод, бесплатно скачать, аренда авто под такси, аренда машины под такси, снять авто под такси, работа без авто, водитель без авто, авто под ключ такси, лизинг авто такси, каршеринг, uber, убер, ситимобил, gett, грузовое такси, газель, грузчики, переезд, автошкола, обучение на права, сдать на права, лишение прав, штраф гибдд, гибдд, франшиза такси, франшиза таксопарка, открыть таксопарк, без гражданства, иностранный водитель, работа такси для иностранцев, студентам, школьник, торрент, фгис зерно, фгис меркурий, честный знак;RUB;-;Комбинаторное;;Лицензия ФГИС;17;;"""постановка авто в реестр такси""";;;;;;;;;;;;;;Россия;35;;;;;курьер, заказать такси, фгис зерно, фгис меркурий;p5_fgis
П5_Поиск_ФГИС;Единая перфоманс-кампания;заказать такси, вызвать такси, заказать яндекс такси, яндекс такси заказать, такси до аэропорта, такси недорого, дешёвое такси, дешевое такси, яндекс го, яндекс еда, яндекс лавка, яндекс маркет, доставка еды, курьер, курьером, пеший курьер, вакансия, вакансии, вакансия водитель, вакансия в яндексе, работа в яндексе, работа в офисе яндекс, hh, хедхантер, авито работа, суперджоб, работа диспетчером, диспетчер такси, оператор такси, менеджер таксопарка, скачать, скачать яндекс про, приложение яндекс про, установить яндекс про, apk, взлом, мод, бесплатно скачать, аренда авто под такси, аренда машины под такси, снять авто под такси, работа без авто, водитель без авто, авто под ключ такси, лизинг авто такси, каршеринг, uber, убер, ситимобил, gett, грузовое такси, газель, грузчики, переезд, автошкола, обучение на права, сдать на права, лишение прав, штраф гибдд, гибдд, франшиза такси, франшиза таксопарка, открыть таксопарк, без гражданства, иностранный водитель, работа такси для иностранцев, студентам, школьник, торрент, фгис зерно, фгис меркурий, честный знак;RUB;-;Комбинаторное;;Лицензия ФГИС;17;;"""фгис такси 3500""";;;;;;;;;;;;;;Россия;35;;;;;курьер, заказать такси, фгис зерно, фгис меркурий;p5_fgis
П5_Поиск_ФГИС;Единая перфоманс-кампания;заказать такси, вызвать такси, заказать яндекс такси, яндекс такси заказать, такси до аэропорта, такси недорого, дешёвое такси, дешевое такси, яндекс го, яндекс еда, яндекс лавка, яндекс маркет, доставка еды, курьер, курьером, пеший курьер, вакансия, вакансии, вакансия водитель, вакансия в яндексе, работа в яндексе, работа в офисе яндекс, hh, хедхантер, авито работа, суперджоб, работа диспетчером, диспетчер такси, оператор такси, менеджер таксопарка, скачать, скачать яндекс про, приложение яндекс про, установить яндекс про, apk, взлом, мод, бесплатно скачать, аренда авто под такси, аренда машины под такси, снять авто под такси, работа без авто, водитель без авто, авто под ключ такси, лизинг авто такси, каршеринг, uber, убер, ситимобил, gett, грузовое такси, газель, грузчики, переезд, автошкола, обучение на права, сдать на права, лишение прав, штраф гибдд, гибдд, франшиза такси, франшиза таксопарка, открыть таксопарк, без гражданства, иностранный водитель, работа такси для иностранцев, студентам, школьник, торрент, фгис зерно, фгис меркурий, честный знак;RUB;-;Комбинаторное;;Реестр перевозчиков;18;;"""реестр перевозчиков такси""";;Внести авто в реестр такси;Лицензия такси ФГИС 3500₽;Реестр такси на 5 лет онлайн;Оформить лицензию такси;ФГИС такси, оплата по факту;Обычно готово за 1–3 дня;Проверка авто в реестре такси;Внесём авто в реестр такси. 3500₽ на 5 лет;Обычно 1–3 дня. Оплата после проверки документа;Нужны фото авто и СТС. Заявка в чат парка;https://park-armada.ru/license/?utm_source=yandex&utm_medium=cpc&utm_campaign=p5_fgis&utm_content={ad_id}&utm_term={keyword};license;Россия;35;Подать на ФГИС||FAQ лицензии||ОСГОП 3400₽||Такси от 1,9%;Фото авто и СТС||Сроки и оплата||Страховка на 1 год||Подключение водителя;https://park-armada.ru/license/?utm_source=yandex&utm_medium=cpc&utm_campaign=sitelink_fgis_apply&utm_content={ad_id}&utm_term={keyword}#apply-service||https://park-armada.ru/license/?utm_source=yandex&utm_medium=cpc&utm_campaign=sitelink_fgis_faq&utm_content={ad_id}&utm_term={keyword}#faq||https://park-armada.ru/osgop/?utm_source=yandex&utm_medium=cpc&utm_campaign=sitelink_osgop&utm_content={ad_id}&utm_term={keyword}||https://park-armada.ru/taxi/?utm_source=yandex&utm_medium=cpc&utm_campaign=sitelink_smz&utm_content={ad_id}&utm_term={keyword}#formats;3500₽ на 5 лет||Оплата по факту||Обычно 1–3 дня||Удалённо по России;курьер, заказать такси, фгис зерно, фгис меркурий;p5_fgis
П5_Поиск_ФГИС;Единая перфоманс-кампания;заказать такси, вызвать такси, заказать яндекс такси, яндекс такси заказать, такси до аэропорта, такси недорого, дешёвое такси, дешевое такси, яндекс го, яндекс еда, яндекс лавка, яндекс маркет, доставка еды, курьер, курьером, пеший курьер, вакансия, вакансии, вакансия водитель, вакансия в яндексе, работа в яндексе, работа в офисе яндекс, hh, хедхантер, авито работа, суперджоб, работа диспетчером, диспетчер такси, оператор такси, менеджер таксопарка, скачать, скачать яндекс про, приложение яндекс про, установить яндекс про, apk, взлом, мод, бесплатно скачать, аренда авто под такси, аренда машины под такси, снять авто под такси, работа без авто, водитель без авто, авто под ключ такси, лизинг авто такси, каршеринг, uber, убер, ситимобил, gett, грузовое такси, газель, грузчики, переезд, автошкола, обучение на права, сдать на права, лишение прав, штраф гибдд, гибдд, франшиза такси, франшиза таксопарка, открыть таксопарк, без гражданства, иностранный водитель, работа такси для иностранцев, студентам, школьник, торрент, фгис зерно, фгис меркурий, честный знак;RUB;-;Комбинаторное;;Реестр перевозчиков;18;;"""внести в реестр перевозчиков""";;;;;;;;;;;;;;Россия;35;;;;;курьер, заказать такси, фгис зерно, фгис меркурий;p5_fgis
П5b_Поиск_ОСГОП;Единая перфоманс-кампания;заказать такси, вызвать такси, заказать яндекс такси, яндекс такси заказать, такси до аэропорта, такси недорого, дешёвое такси, дешевое такси, яндекс го, яндекс еда, яндекс лавка, яндекс маркет, доставка еды, курьер, курьером, пеший курьер, вакансия, вакансии, вакансия водитель, вакансия в яндексе, работа в яндексе, работа в офисе яндекс, hh, хедхантер, авито работа, суперджоб, работа диспетчером, диспетчер такси, оператор такси, менеджер таксопарка, скачать, скачать яндекс про, приложение яндекс про, установить яндекс про, apk, взлом, мод, бесплатно скачать, аренда авто под такси, аренда машины под такси, снять авто под такси, работа без авто, водитель без авто, авто под ключ такси, лизинг авто такси, каршеринг, uber, убер, ситимобил, gett, грузовое такси, газель, грузчики, переезд, автошкола, обучение на права, сдать на права, лишение прав, штраф гибдд, гибдд, франшиза такси, франшиза таксопарка, открыть таксопарк, без гражданства, иностранный водитель, работа такси для иностранцев, студентам, школьник, торрент, фгис зерно, фгис меркурий;RUB;-;Комбинаторное;;ОСГОП такси;19;;"""осгоп такси""";;ОСГОП для работы в такси;Страховка ОСГОП 3400₽ / год;Оформить ОСГОП онлайн;ОСГОП для легальной работы;Страхование такси на 1 год;ОСГОП через парк Армада;Документ для реестра такси;ОСГОП для такси: 3400₽ на 1 год, оформление онлайн;Нужно для легальной работы. Заявка в чат парка;Парк Армада оформляет ОСГОП удалённо по России;https://park-armada.ru/osgop/?utm_source=yandex&utm_medium=cpc&utm_campaign=p5_osgop&utm_content={ad_id}&utm_term={keyword};osgop;Россия;30;Оформить ОСГОП||Лицензия ФГИС||Такси от 1,9%||FAQ парка;3400₽ на 1 год||Реестр такси 3500₽||Парковый самозанятый||Частые вопросы;https://park-armada.ru/osgop/?utm_source=yandex&utm_medium=cpc&utm_campaign=sitelink_osgop&utm_content={ad_id}&utm_term={keyword}#apply-service||https://park-armada.ru/license/?utm_source=yandex&utm_medium=cpc&utm_campaign=sitelink_license&utm_content={ad_id}&utm_term={keyword}||https://park-armada.ru/taxi/?utm_source=yandex&utm_medium=cpc&utm_campaign=sitelink_smz&utm_content={ad_id}&utm_term={keyword}#formats||https://park-armada.ru/faq/?utm_source=yandex&utm_medium=cpc&utm_campaign=sitelink_faq&utm_content={ad_id}&utm_term={keyword};3400₽ на 1 год||Для легальной работы||Оформление онлайн||Удалённо по России;курьер, заказать такси;p5_osgop
П5b_Поиск_ОСГОП;Единая перфоманс-кампания;заказать такси, вызвать такси, заказать яндекс такси, яндекс такси заказать, такси до аэропорта, такси недорого, дешёвое такси, дешевое такси, яндекс го, яндекс еда, яндекс лавка, яндекс маркет, доставка еды, курьер, курьером, пеший курьер, вакансия, вакансии, вакансия водитель, вакансия в яндексе, работа в яндексе, работа в офисе яндекс, hh, хедхантер, авито работа, суперджоб, работа диспетчером, диспетчер такси, оператор такси, менеджер таксопарка, скачать, скачать яндекс про, приложение яндекс про, установить яндекс про, apk, взлом, мод, бесплатно скачать, аренда авто под такси, аренда машины под такси, снять авто под такси, работа без авто, водитель без авто, авто под ключ такси, лизинг авто такси, каршеринг, uber, убер, ситимобил, gett, грузовое такси, газель, грузчики, переезд, автошкола, обучение на права, сдать на права, лишение прав, штраф гибдд, гибдд, франшиза такси, франшиза таксопарка, открыть таксопарк, без гражданства, иностранный водитель, работа такси для иностранцев, студентам, школьник, торрент, фгис зерно, фгис меркурий;RUB;-;Комбинаторное;;ОСГОП такси;19;;"""осгоп для такси стоимость""";;;;;;;;;;;;;;Россия;30;;;;;курьер, заказать такси;p5_osgop
П5b_Поиск_ОСГОП;Единая перфоманс-кампания;заказать такси, вызвать такси, заказать яндекс такси, яндекс такси заказать, такси до аэропорта, такси недорого, дешёвое такси, дешевое такси, яндекс го, яндекс еда, яндекс лавка, яндекс маркет, доставка еды, курьер, курьером, пеший курьер, вакансия, вакансии, вакансия водитель, вакансия в яндексе, работа в яндексе, работа в офисе яндекс, hh, хедхантер, авито работа, суперджоб, работа диспетчером, диспетчер такси, оператор такси, менеджер таксопарка, скачать, скачать яндекс про, приложение яндекс про, установить яндекс про, apk, взлом, мод, бесплатно скачать, аренда авто под такси, аренда машины под такси, снять авто под такси, работа без авто, водитель без авто, авто под ключ такси, лизинг авто такси, каршеринг, uber, убер, ситимобил, gett, грузовое такси, газель, грузчики, переезд, автошкола, обучение на права, сдать на права, лишение прав, штраф гибдд, гибдд, франшиза такси, франшиза таксопарка, открыть таксопарк, без гражданства, иностранный водитель, работа такси для иностранцев, студентам, школьник, торрент, фгис зерно, фгис меркурий;RUB;-;Комбинаторное;;ОСГОП такси;19;;"""оформить осгоп такси""";;;;;;;;;;;;;;Россия;30;;;;;курьер, заказать такси;p5_osgop
П6_Поиск_Бренд;Единая перфоманс-кампания;вакансия, франшиза, открыть таксопарк, скачать;RUB;-;Комбинаторное;;Бренд Армада;20;;"""таксопарк армада""";;Таксопарк Армада — официальный;Подключение к Яндекс Такси;Комиссия парка от 1,9%;Армада Драйвер, удалённо РФ;Такси, доставка, ФГИС, ОСГОП;Активация аккаунта 10–15 мин;Поддержка 8:00–21:00 Мск;Таксопарк Армада: такси, доставка, ФГИС и ОСГОП;Комиссия от 1,9%. Удалённо по России;Телефон +7 918 052-10-22, ежедневно 8:00–21:00;https://park-armada.ru/?utm_source=yandex&utm_medium=cpc&utm_campaign=p6_brand&utm_content={ad_id}&utm_term={keyword};park-armada;Россия;20;Трудовой договор||Самозанятый 1,9%||Доставка||Лицензия ФГИС;Без СМЗ и ИП, 3 тарифа||Парковый СМЗ, такси||Курьер Яндекс Доставка||Реестр такси 3500₽ / 5 лет;https://park-armada.ru/trudovoj-dogovor/?utm_source=yandex&utm_medium=cpc&utm_campaign=sitelink_labor&utm_content={ad_id}&utm_term={keyword}||https://park-armada.ru/taxi/?utm_source=yandex&utm_medium=cpc&utm_campaign=sitelink_smz&utm_content={ad_id}&utm_term={keyword}#formats||https://park-armada.ru/delivery/?utm_source=yandex&utm_medium=cpc&utm_campaign=sitelink_delivery&utm_content={ad_id}&utm_term={keyword}#courier-tariffs||https://park-armada.ru/license/?utm_source=yandex&utm_medium=cpc&utm_campaign=sitelink_license&utm_content={ad_id}&utm_term={keyword};Комиссия парка от 1,9%||Удалённо по России||Поддержка 8:00–21:00||ООО АРМАДА ДРАЙВЕР;вакансия, франшиза;p6_brand
П6_Поиск_Бренд;Единая перфоманс-кампания;вакансия, франшиза, открыть таксопарк, скачать;RUB;-;Комбинаторное;;Бренд Армада;20;;"""армада такси""";;;;;;;;;;;;;;Россия;20;;;;;вакансия, франшиза;p6_brand
П6_Поиск_Бренд;Единая перфоманс-кампания;вакансия, франшиза, открыть таксопарк, скачать;RUB;-;Комбинаторное;;Бренд Армада;20;;"""парк армада яндекс""";;;;;;;;;;;;;;Россия;20;;;;;вакансия, франшиза;p6_brand
П6_Поиск_Бренд;Единая перфоманс-кампания;вакансия, франшиза, открыть таксопарк, скачать;RUB;-;Комбинаторное;;Бренд Армада;20;;"""армада таксопарк отзывы""";;;;;;;;;;;;;;Россия;20;;;;;вакансия, франшиза;p6_brand
П6_Поиск_Бренд;Единая перфоманс-кампания;вакансия, франшиза, открыть таксопарк, скачать;RUB;-;Комбинаторное;;Бренд Армада;20;;"""park armada такси""";;;;;;;;;;;;;;Россия;20;;;;;вакансия, франшиза;p6_brand
П6_Поиск_Бренд;Единая перфоманс-кампания;вакансия, франшиза, открыть таксопарк, скачать;RUB;-;Комбинаторное;;Бренд Армада;20;;"""армада драйвер такси""";;;;;;;;;;;;;;Россия;20;;;;;вакансия, франшиза;p6_brand
П8_Поиск_Лимит_НПД;Единая перфоманс-кампания;заказать такси, вызвать такси, заказать яндекс такси, яндекс такси заказать, такси до аэропорта, такси недорого, дешёвое такси, дешевое такси, яндекс го, яндекс еда, яндекс лавка, яндекс маркет, доставка еды, курьер, курьером, пеший курьер, вакансия, вакансии, вакансия водитель, вакансия в яндексе, работа в яндексе, работа в офисе яндекс, hh, хедхантер, авито работа, суперджоб, работа диспетчером, диспетчер такси, оператор такси, менеджер таксопарка, скачать, скачать яндекс про, приложение яндекс про, установить яндекс про, apk, взлом, мод, бесплатно скачать, аренда авто под такси, аренда машины под такси, снять авто под такси, работа без авто, водитель без авто, авто под ключ такси, лизинг авто такси, каршеринг, uber, убер, ситимобил, gett, грузовое такси, газель, грузчики, переезд, автошкола, обучение на права, сдать на права, лишение прав, штраф гибдд, гибдд, франшиза такси, франшиза таксопарка, открыть таксопарк, без гражданства, иностранный водитель, работа такси для иностранцев, студентам, школьник, торрент;RUB;-;Комбинаторное;;Лимит самозанятого;21;;"""лимит самозанятого 2.4 млн такси""";;Лимит самозанятого 2,4 млн;Превысили НПД — что делать;Трудовой договор вместо СМЗ;Лимит НПД у водителя такси;Не хотите ИП после лимита;Переход с НПД на трудовой;Статья и оформление в парке;Если упёрлись в лимит НПД — оформите трудовой;Разбор лимита 2,4 млн и переход без ИП;Налоги платит парк. Заявка через чат Армады;https://park-armada.ru/blog/limit-npd-2-4-mln/?utm_source=yandex&utm_medium=cpc&utm_campaign=p8_limit_npd&utm_content={ad_id}&utm_term={keyword};limit-npd;Россия;40;Трудовой договор||Тарифы 3/5/6%||Самозанятый 1,9%||Статья лимит НПД;Без СМЗ и ИП||Три схемы с парком||Комиссия от 1,9%||Разбор лимита 2,4 млн;https://park-armada.ru/trudovoj-dogovor/?utm_source=yandex&utm_medium=cpc&utm_campaign=sitelink_labor&utm_content={ad_id}&utm_term={keyword}||https://park-armada.ru/trudovoj-dogovor/?utm_source=yandex&utm_medium=cpc&utm_campaign=sitelink_labor_tariffs&utm_content={ad_id}&utm_term={keyword}#labor-tariffs||https://park-armada.ru/taxi/?utm_source=yandex&utm_medium=cpc&utm_campaign=sitelink_smz&utm_content={ad_id}&utm_term={keyword}#formats||https://park-armada.ru/blog/limit-npd-2-4-mln/?utm_source=yandex&utm_medium=cpc&utm_campaign=sitelink_limit_article&utm_content={ad_id}&utm_term={keyword};Лимит НПД 2,4 млн||Можно без ИП||Налоги платит парк||Удалённо по России;курьер, заказать такси;p8_limit_npd
П8_Поиск_Лимит_НПД;Единая перфоманс-кампания;заказать такси, вызвать такси, заказать яндекс такси, яндекс такси заказать, такси до аэропорта, такси недорого, дешёвое такси, дешевое такси, яндекс го, яндекс еда, яндекс лавка, яндекс маркет, доставка еды, курьер, курьером, пеший курьер, вакансия, вакансии, вакансия водитель, вакансия в яндексе, работа в яндексе, работа в офисе яндекс, hh, хедхантер, авито работа, суперджоб, работа диспетчером, диспетчер такси, оператор такси, менеджер таксопарка, скачать, скачать яндекс про, приложение яндекс про, установить яндекс про, apk, взлом, мод, бесплатно скачать, аренда авто под такси, аренда машины под такси, снять авто под такси, работа без авто, водитель без авто, авто под ключ такси, лизинг авто такси, каршеринг, uber, убер, ситимобил, gett, грузовое такси, газель, грузчики, переезд, автошкола, обучение на права, сдать на права, лишение прав, штраф гибдд, гибдд, франшиза такси, франшиза таксопарка, открыть таксопарк, без гражданства, иностранный водитель, работа такси для иностранцев, студентам, школьник, торрент;RUB;-;Комбинаторное;;Лимит самозанятого;21;;"""превышен лимит нпд такси что делать""";;;;;;;;;;;;;;Россия;40;;;;;курьер, заказать такси;p8_limit_npd
П8_Поиск_Лимит_НПД;Единая перфоманс-кампания;заказать такси, вызвать такси, заказать яндекс такси, яндекс такси заказать, такси до аэропорта, такси недорого, дешёвое такси, дешевое такси, яндекс го, яндекс еда, яндекс лавка, яндекс маркет, доставка еды, курьер, курьером, пеший курьер, вакансия, вакансии, вакансия водитель, вакансия в яндексе, работа в яндексе, работа в офисе яндекс, hh, хедхантер, авито работа, суперджоб, работа диспетчером, диспетчер такси, оператор такси, менеджер таксопарка, скачать, скачать яндекс про, приложение яндекс про, установить яндекс про, apk, взлом, мод, бесплатно скачать, аренда авто под такси, аренда машины под такси, снять авто под такси, работа без авто, водитель без авто, авто под ключ такси, лизинг авто такси, каршеринг, uber, убер, ситимобил, gett, грузовое такси, газель, грузчики, переезд, автошкола, обучение на права, сдать на права, лишение прав, штраф гибдд, гибдд, франшиза такси, франшиза таксопарка, открыть таксопарк, без гражданства, иностранный водитель, работа такси для иностранцев, студентам, школьник, торрент;RUB;-;Комбинаторное;;Лимит самозанятого;21;;"""что делать если превысил лимит самозанятого такси""";;;;;;;;;;;;;;Россия;40;;;;;курьер, заказать такси;p8_limit_npd
П8_Поиск_Лимит_НПД;Единая перфоманс-кампания;заказать такси, вызвать такси, заказать яндекс такси, яндекс такси заказать, такси до аэропорта, такси недорого, дешёвое такси, дешевое такси, яндекс го, яндекс еда, яндекс лавка, яндекс маркет, доставка еды, курьер, курьером, пеший курьер, вакансия, вакансии, вакансия водитель, вакансия в яндексе, работа в яндексе, работа в офисе яндекс, hh, хедхантер, авито работа, суперджоб, работа диспетчером, диспетчер такси, оператор такси, менеджер таксопарка, скачать, скачать яндекс про, приложение яндекс про, установить яндекс про, apk, взлом, мод, бесплатно скачать, аренда авто под такси, аренда машины под такси, снять авто под такси, работа без авто, водитель без авто, авто под ключ такси, лизинг авто такси, каршеринг, uber, убер, ситимобил, gett, грузовое такси, газель, грузчики, переезд, автошкола, обучение на права, сдать на права, лишение прав, штраф гибдд, гибдд, франшиза такси, франшиза таксопарка, открыть таксопарк, без гражданства, иностранный водитель, работа такси для иностранцев, студентам, школьник, торрент;RUB;-;Комбинаторное;;Лимит самозанятого;21;;"""переход с нпд на ип яндекс такси""";;;;;;;;;;;;;;Россия;40;;;;;курьер, заказать такси;p8_limit_npd
П8_Поиск_Лимит_НПД;Единая перфоманс-кампания;заказать такси, вызвать такси, заказать яндекс такси, яндекс такси заказать, такси до аэропорта, такси недорого, дешёвое такси, дешевое такси, яндекс го, яндекс еда, яндекс лавка, яндекс маркет, доставка еды, курьер, курьером, пеший курьер, вакансия, вакансии, вакансия водитель, вакансия в яндексе, работа в яндексе, работа в офисе яндекс, hh, хедхантер, авито работа, суперджоб, работа диспетчером, диспетчер такси, оператор такси, менеджер таксопарка, скачать, скачать яндекс про, приложение яндекс про, установить яндекс про, apk, взлом, мод, бесплатно скачать, аренда авто под такси, аренда машины под такси, снять авто под такси, работа без авто, водитель без авто, авто под ключ такси, лизинг авто такси, каршеринг, uber, убер, ситимобил, gett, грузовое такси, газель, грузчики, переезд, автошкола, обучение на права, сдать на права, лишение прав, штраф гибдд, гибдд, франшиза такси, франшиза таксопарка, открыть таксопарк, без гражданства, иностранный водитель, работа такси для иностранцев, студентам, школьник, торрент;RUB;-;Комбинаторное;;Лимит самозанятого;21;;"""лимит самозанятого водитель такси""";;;;;;;;;;;;;;Россия;40;;;;;курьер, заказать такси;p8_limit_npd
